m,TagName,
"2008-07-01 00:00:00","c#","3"
"2008-08-01 00:00:00","assembly","8"
"2008-08-01 00:00:00","c","83"
"2008-08-01 00:00:00","c#","505"
"2008-08-01 00:00:00","c++","164"
"2008-08-01 00:00:00","delphi","14"
"2008-08-01 00:00:00","java","222"
"2008-08-01 00:00:00","javascript","163"
"2008-08-01 00:00:00","perl","28"
"2008-08-01 00:00:00","php","158"
"2008-08-01 00:00:00","python","120"
"2008-08-01 00:00:00","ruby","70"
"2008-09-01 00:00:00","assembly","28"
"2008-09-01 00:00:00","c","318"
"2008-09-01 00:00:00","c#","1645"
"2008-09-01 00:00:00","c++","753"
"2008-09-01 00:00:00","delphi","104"
"2008-09-01 00:00:00","java","1131"
"2008-09-01 00:00:00","javascript","635"
"2008-09-01 00:00:00","perl","130"
"2008-09-01 00:00:00","php","476"
"2008-09-01 00:00:00","python","537"
"2008-09-01 00:00:00","r","6"
"2008-09-01 00:00:00","ruby","287"
"2008-10-01 00:00:00","assembly","15"
"2008-10-01 00:00:00","c","303"
"2008-10-01 00:00:00","c#","1988"
"2008-10-01 00:00:00","c++","808"
"2008-10-01 00:00:00","delphi","112"
"2008-10-01 00:00:00","java","1149"
"2008-10-01 00:00:00","javascript","724"
"2008-10-01 00:00:00","perl","127"
"2008-10-01 00:00:00","php","612"
"2008-10-01 00:00:00","python","508"
"2008-10-01 00:00:00","ruby","247"
"2008-11-01 00:00:00","assembly","17"
"2008-11-01 00:00:00","c","259"
"2008-11-01 00:00:00","c#","1731"
"2008-11-01 00:00:00","c++","734"
"2008-11-01 00:00:00","delphi","141"
"2008-11-01 00:00:00","java","957"
"2008-11-01 00:00:00","javascript","581"
"2008-11-01 00:00:00","perl","97"
"2008-11-01 00:00:00","php","501"
"2008-11-01 00:00:00","python","451"
"2008-11-01 00:00:00","r","1"
"2008-11-01 00:00:00","ruby","158"
"2008-12-01 00:00:00","assembly","17"
"2008-12-01 00:00:00","c","189"
"2008-12-01 00:00:00","c#","1596"
"2008-12-01 00:00:00","c++","632"
"2008-12-01 00:00:00","delphi","134"
"2008-12-01 00:00:00","java","827"
"2008-12-01 00:00:00","javascript","626"
"2008-12-01 00:00:00","perl","133"
"2008-12-01 00:00:00","php","477"
"2008-12-01 00:00:00","python","438"
"2008-12-01 00:00:00","r","1"
"2008-12-01 00:00:00","ruby","159"
"2009-01-01 00:00:00","assembly","22"
"2009-01-01 00:00:00","c","319"
"2009-01-01 00:00:00","c#","2376"
"2009-01-01 00:00:00","c++","850"
"2009-01-01 00:00:00","delphi","164"
"2009-01-01 00:00:00","java","1149"
"2009-01-01 00:00:00","javascript","791"
"2009-01-01 00:00:00","perl","148"
"2009-01-01 00:00:00","php","634"
"2009-01-01 00:00:00","python","630"
"2009-01-01 00:00:00","r","8"
"2009-01-01 00:00:00","ruby","207"
"2009-01-01 00:00:00","swift","1"
"2009-02-01 00:00:00","assembly","36"
"2009-02-01 00:00:00","c","331"
"2009-02-01 00:00:00","c#","2598"
"2009-02-01 00:00:00","c++","842"
"2009-02-01 00:00:00","delphi","167"
"2009-02-01 00:00:00","java","1203"
"2009-02-01 00:00:00","javascript","947"
"2009-02-01 00:00:00","perl","164"
"2009-02-01 00:00:00","php","763"
"2009-02-01 00:00:00","python","628"
"2009-02-01 00:00:00","r","9"
"2009-02-01 00:00:00","ruby","287"
"2009-02-01 00:00:00","swift","1"
"2009-03-01 00:00:00","assembly","24"
"2009-03-01 00:00:00","c","430"
"2009-03-01 00:00:00","c#","3157"
"2009-03-01 00:00:00","c++","1049"
"2009-03-01 00:00:00","delphi","161"
"2009-03-01 00:00:00","java","1433"
"2009-03-01 00:00:00","javascript","1007"
"2009-03-01 00:00:00","perl","137"
"2009-03-01 00:00:00","php","897"
"2009-03-01 00:00:00","python","764"
"2009-03-01 00:00:00","r","4"
"2009-03-01 00:00:00","ruby","330"
"2009-03-01 00:00:00","swift","1"
"2009-04-01 00:00:00","assembly","50"
"2009-04-01 00:00:00","c","457"
"2009-04-01 00:00:00","c#","3306"
"2009-04-01 00:00:00","c++","1019"
"2009-04-01 00:00:00","delphi","185"
"2009-04-01 00:00:00","java","1530"
"2009-04-01 00:00:00","javascript","1047"
"2009-04-01 00:00:00","perl","161"
"2009-04-01 00:00:00","php","960"
"2009-04-01 00:00:00","python","768"
"2009-04-01 00:00:00","r","12"
"2009-04-01 00:00:00","ruby","358"
"2009-05-01 00:00:00","assembly","46"
"2009-05-01 00:00:00","c","481"
"2009-05-01 00:00:00","c#","3551"
"2009-05-01 00:00:00","c++","1215"
"2009-05-01 00:00:00","delphi","202"
"2009-05-01 00:00:00","java","1816"
"2009-05-01 00:00:00","javascript","1432"
"2009-05-01 00:00:00","perl","196"
"2009-05-01 00:00:00","php","1175"
"2009-05-01 00:00:00","python","997"
"2009-05-01 00:00:00","r","2"
"2009-05-01 00:00:00","ruby","401"
"2009-05-01 00:00:00","swift","2"
"2009-06-01 00:00:00","assembly","49"
"2009-06-01 00:00:00","c","499"
"2009-06-01 00:00:00","c#","3879"
"2009-06-01 00:00:00","c++","1250"
"2009-06-01 00:00:00","delphi","221"
"2009-06-01 00:00:00","java","2112"
"2009-06-01 00:00:00","javascript","1553"
"2009-06-01 00:00:00","perl","246"
"2009-06-01 00:00:00","php","1576"
"2009-06-01 00:00:00","python","1042"
"2009-06-01 00:00:00","r","5"
"2009-06-01 00:00:00","ruby","431"
"2009-06-01 00:00:00","swift","1"
"2009-07-01 00:00:00","assembly","32"
"2009-07-01 00:00:00","c","538"
"2009-07-01 00:00:00","c#","4405"
"2009-07-01 00:00:00","c++","1465"
"2009-07-01 00:00:00","delphi","269"
"2009-07-01 00:00:00","java","2257"
"2009-07-01 00:00:00","javascript","1752"
"2009-07-01 00:00:00","perl","258"
"2009-07-01 00:00:00","php","2022"
"2009-07-01 00:00:00","python","1161"
"2009-07-01 00:00:00","r","50"
"2009-07-01 00:00:00","ruby","500"
"2009-08-01 00:00:00","assembly","48"
"2009-08-01 00:00:00","c","529"
"2009-08-01 00:00:00","c#","4454"
"2009-08-01 00:00:00","c++","1400"
"2009-08-01 00:00:00","delphi","246"
"2009-08-01 00:00:00","java","2187"
"2009-08-01 00:00:00","javascript","1856"
"2009-08-01 00:00:00","perl","249"
"2009-08-01 00:00:00","php","2179"
"2009-08-01 00:00:00","python","1134"
"2009-08-01 00:00:00","r","47"
"2009-08-01 00:00:00","ruby","484"
"2009-08-01 00:00:00","swift","3"
"2009-09-01 00:00:00","assembly","62"
"2009-09-01 00:00:00","c","571"
"2009-09-01 00:00:00","c#","4348"
"2009-09-01 00:00:00","c++","1461"
"2009-09-01 00:00:00","delphi","251"
"2009-09-01 00:00:00","java","2261"
"2009-09-01 00:00:00","javascript","1757"
"2009-09-01 00:00:00","perl","249"
"2009-09-01 00:00:00","php","2258"
"2009-09-01 00:00:00","python","1164"
"2009-09-01 00:00:00","r","138"
"2009-09-01 00:00:00","ruby","477"
"2009-09-01 00:00:00","swift","3"
"2009-10-01 00:00:00","assembly","73"
"2009-10-01 00:00:00","c","775"
"2009-10-01 00:00:00","c#","4721"
"2009-10-01 00:00:00","c++","1686"
"2009-10-01 00:00:00","delphi","254"
"2009-10-01 00:00:00","java","2501"
"2009-10-01 00:00:00","javascript","2046"
"2009-10-01 00:00:00","perl","282"
"2009-10-01 00:00:00","php","2354"
"2009-10-01 00:00:00","python","1420"
"2009-10-01 00:00:00","r","73"
"2009-10-01 00:00:00","ruby","493"
"2009-10-01 00:00:00","swift","1"
"2009-11-01 00:00:00","assembly","82"
"2009-11-01 00:00:00","c","959"
"2009-11-01 00:00:00","c#","4679"
"2009-11-01 00:00:00","c++","1749"
"2009-11-01 00:00:00","delphi","274"
"2009-11-01 00:00:00","go","65"
"2009-11-01 00:00:00","java","2759"
"2009-11-01 00:00:00","javascript","2231"
"2009-11-01 00:00:00","perl","322"
"2009-11-01 00:00:00","php","2682"
"2009-11-01 00:00:00","python","1553"
"2009-11-01 00:00:00","r","94"
"2009-11-01 00:00:00","ruby","654"
"2009-11-01 00:00:00","swift","3"
"2009-12-01 00:00:00","assembly","62"
"2009-12-01 00:00:00","c","850"
"2009-12-01 00:00:00","c#","4486"
"2009-12-01 00:00:00","c++","1652"
"2009-12-01 00:00:00","delphi","282"
"2009-12-01 00:00:00","go","11"
"2009-12-01 00:00:00","java","2686"
"2009-12-01 00:00:00","javascript","2305"
"2009-12-01 00:00:00","perl","261"
"2009-12-01 00:00:00","php","2823"
"2009-12-01 00:00:00","python","1588"
"2009-12-01 00:00:00","r","80"
"2009-12-01 00:00:00","ruby","573"
"2009-12-01 00:00:00","swift","1"
"2010-01-01 00:00:00","assembly","101"
"2010-01-01 00:00:00","c","980"
"2010-01-01 00:00:00","c#","5111"
"2010-01-01 00:00:00","c++","1999"
"2010-01-01 00:00:00","delphi","303"
"2010-01-01 00:00:00","go","15"
"2010-01-01 00:00:00","java","3724"
"2010-01-01 00:00:00","javascript","2623"
"2010-01-01 00:00:00","perl","302"
"2010-01-01 00:00:00","php","3430"
"2010-01-01 00:00:00","python","1946"
"2010-01-01 00:00:00","r","94"
"2010-01-01 00:00:00","ruby","684"
"2010-02-01 00:00:00","assembly","69"
"2010-02-01 00:00:00","c","1034"
"2010-02-01 00:00:00","c#","5093"
"2010-02-01 00:00:00","c++","2276"
"2010-02-01 00:00:00","delphi","283"
"2010-02-01 00:00:00","go","7"
"2010-02-01 00:00:00","java","3576"
"2010-02-01 00:00:00","javascript","2640"
"2010-02-01 00:00:00","perl","347"
"2010-02-01 00:00:00","php","3164"
"2010-02-01 00:00:00","python","1862"
"2010-02-01 00:00:00","r","122"
"2010-02-01 00:00:00","ruby","688"
"2010-02-01 00:00:00","swift","2"
"2010-03-01 00:00:00","assembly","123"
"2010-03-01 00:00:00","c","1114"
"2010-03-01 00:00:00","c#","6032"
"2010-03-01 00:00:00","c++","2435"
"2010-03-01 00:00:00","delphi","317"
"2010-03-01 00:00:00","go","8"
"2010-03-01 00:00:00","java","4439"
"2010-03-01 00:00:00","javascript","2988"
"2010-03-01 00:00:00","perl","392"
"2010-03-01 00:00:00","php","3739"
"2010-03-01 00:00:00","python","2071"
"2010-03-01 00:00:00","r","139"
"2010-03-01 00:00:00","ruby","695"
"2010-03-01 00:00:00","swift","1"
"2010-04-01 00:00:00","assembly","124"
"2010-04-01 00:00:00","c","1182"
"2010-04-01 00:00:00","c#","5776"
"2010-04-01 00:00:00","c++","2489"
"2010-04-01 00:00:00","delphi","271"
"2010-04-01 00:00:00","go","10"
"2010-04-01 00:00:00","java","3881"
"2010-04-01 00:00:00","javascript","3010"
"2010-04-01 00:00:00","perl","364"
"2010-04-01 00:00:00","php","3636"
"2010-04-01 00:00:00","python","1811"
"2010-04-01 00:00:00","r","160"
"2010-04-01 00:00:00","ruby","752"
"2010-04-01 00:00:00","swift","2"
"2010-05-01 00:00:00","assembly","108"
"2010-05-01 00:00:00","c","1182"
"2010-05-01 00:00:00","c#","5929"
"2010-05-01 00:00:00","c++","2418"
"2010-05-01 00:00:00","delphi","280"
"2010-05-01 00:00:00","go","17"
"2010-05-01 00:00:00","java","4169"
"2010-05-01 00:00:00","javascript","3231"
"2010-05-01 00:00:00","perl","286"
"2010-05-01 00:00:00","php","3981"
"2010-05-01 00:00:00","python","2006"
"2010-05-01 00:00:00","r","139"
"2010-05-01 00:00:00","ruby","775"
"2010-05-01 00:00:00","swift","1"
"2010-06-01 00:00:00","assembly","90"
"2010-06-01 00:00:00","c","1154"
"2010-06-01 00:00:00","c#","6144"
"2010-06-01 00:00:00","c++","2826"
"2010-06-01 00:00:00","delphi","329"
"2010-06-01 00:00:00","go","15"
"2010-06-01 00:00:00","java","4279"
"2010-06-01 00:00:00","javascript","3469"
"2010-06-01 00:00:00","perl","409"
"2010-06-01 00:00:00","php","4086"
"2010-06-01 00:00:00","python","2207"
"2010-06-01 00:00:00","r","176"
"2010-06-01 00:00:00","ruby","852"
"2010-06-01 00:00:00","swift","3"
"2010-07-01 00:00:00","assembly","97"
"2010-07-01 00:00:00","c","1286"
"2010-07-01 00:00:00","c#","6677"
"2010-07-01 00:00:00","c++","2676"
"2010-07-01 00:00:00","delphi","334"
"2010-07-01 00:00:00","go","8"
"2010-07-01 00:00:00","java","4512"
"2010-07-01 00:00:00","javascript","3874"
"2010-07-01 00:00:00","perl","435"
"2010-07-01 00:00:00","php","4589"
"2010-07-01 00:00:00","python","2591"
"2010-07-01 00:00:00","r","234"
"2010-07-01 00:00:00","ruby","911"
"2010-07-01 00:00:00","swift","1"
"2010-08-01 00:00:00","assembly","86"
"2010-08-01 00:00:00","c","1364"
"2010-08-01 00:00:00","c#","6959"
"2010-08-01 00:00:00","c++","2630"
"2010-08-01 00:00:00","delphi","354"
"2010-08-01 00:00:00","go","13"
"2010-08-01 00:00:00","java","4701"
"2010-08-01 00:00:00","javascript","4001"
"2010-08-01 00:00:00","perl","547"
"2010-08-01 00:00:00","php","5123"
"2010-08-01 00:00:00","python","2491"
"2010-08-01 00:00:00","r","283"
"2010-08-01 00:00:00","ruby","995"
"2010-08-01 00:00:00","swift","2"
"2010-09-01 00:00:00","assembly","117"
"2010-09-01 00:00:00","c","1374"
"2010-09-01 00:00:00","c#","6408"
"2010-09-01 00:00:00","c++","2731"
"2010-09-01 00:00:00","delphi","319"
"2010-09-01 00:00:00","go","9"
"2010-09-01 00:00:00","java","4711"
"2010-09-01 00:00:00","javascript","3997"
"2010-09-01 00:00:00","perl","460"
"2010-09-01 00:00:00","php","4691"
"2010-09-01 00:00:00","python","2248"
"2010-09-01 00:00:00","r","236"
"2010-09-01 00:00:00","ruby","935"
"2010-09-01 00:00:00","swift","2"
"2010-10-01 00:00:00","assembly","123"
"2010-10-01 00:00:00","c","1439"
"2010-10-01 00:00:00","c#","6732"
"2010-10-01 00:00:00","c++","2930"
"2010-10-01 00:00:00","delphi","361"
"2010-10-01 00:00:00","go","13"
"2010-10-01 00:00:00","java","5026"
"2010-10-01 00:00:00","javascript","4108"
"2010-10-01 00:00:00","perl","498"
"2010-10-01 00:00:00","php","4506"
"2010-10-01 00:00:00","python","2671"
"2010-10-01 00:00:00","r","214"
"2010-10-01 00:00:00","ruby","925"
"2010-10-01 00:00:00","swift","1"
"2010-11-01 00:00:00","assembly","165"
"2010-11-01 00:00:00","c","1675"
"2010-11-01 00:00:00","c#","7315"
"2010-11-01 00:00:00","c++","3369"
"2010-11-01 00:00:00","delphi","390"
"2010-11-01 00:00:00","go","16"
"2010-11-01 00:00:00","java","5588"
"2010-11-01 00:00:00","javascript","4544"
"2010-11-01 00:00:00","perl","465"
"2010-11-01 00:00:00","php","5105"
"2010-11-01 00:00:00","python","2604"
"2010-11-01 00:00:00","r","242"
"2010-11-01 00:00:00","ruby","928"
"2010-11-01 00:00:00","swift","1"
"2010-12-01 00:00:00","assembly","125"
"2010-12-01 00:00:00","c","1468"
"2010-12-01 00:00:00","c#","7099"
"2010-12-01 00:00:00","c++","3131"
"2010-12-01 00:00:00","delphi","321"
"2010-12-01 00:00:00","go","18"
"2010-12-01 00:00:00","java","5671"
"2010-12-01 00:00:00","javascript","4954"
"2010-12-01 00:00:00","perl","500"
"2010-12-01 00:00:00","php","5382"
"2010-12-01 00:00:00","python","2481"
"2010-12-01 00:00:00","r","223"
"2010-12-01 00:00:00","ruby","1021"
"2010-12-01 00:00:00","swift","2"
"2011-01-01 00:00:00","assembly","134"
"2011-01-01 00:00:00","c","1458"
"2011-01-01 00:00:00","c#","7978"
"2011-01-01 00:00:00","c++","3485"
"2011-01-01 00:00:00","delphi","368"
"2011-01-01 00:00:00","go","15"
"2011-01-01 00:00:00","java","6533"
"2011-01-01 00:00:00","javascript","5414"
"2011-01-01 00:00:00","perl","478"
"2011-01-01 00:00:00","php","6412"
"2011-01-01 00:00:00","python","2898"
"2011-01-01 00:00:00","r","249"
"2011-01-01 00:00:00","ruby","1202"
"2011-01-01 00:00:00","swift","4"
"2011-02-01 00:00:00","assembly","146"
"2011-02-01 00:00:00","c","1634"
"2011-02-01 00:00:00","c#","8212"
"2011-02-01 00:00:00","c++","3439"
"2011-02-01 00:00:00","delphi","358"
"2011-02-01 00:00:00","go","16"
"2011-02-01 00:00:00","java","6865"
"2011-02-01 00:00:00","javascript","5582"
"2011-02-01 00:00:00","perl","482"
"2011-02-01 00:00:00","php","6702"
"2011-02-01 00:00:00","python","3011"
"2011-02-01 00:00:00","r","322"
"2011-02-01 00:00:00","ruby","1250"
"2011-02-01 00:00:00","swift","5"
"2011-03-01 00:00:00","assembly","192"
"2011-03-01 00:00:00","c","2109"
"2011-03-01 00:00:00","c#","9985"
"2011-03-01 00:00:00","c++","4177"
"2011-03-01 00:00:00","delphi","518"
"2011-03-01 00:00:00","go","3"
"2011-03-01 00:00:00","java","8470"
"2011-03-01 00:00:00","javascript","6765"
"2011-03-01 00:00:00","perl","604"
"2011-03-01 00:00:00","php","8091"
"2011-03-01 00:00:00","python","3747"
"2011-03-01 00:00:00","r","422"
"2011-03-01 00:00:00","ruby","1639"
"2011-03-01 00:00:00","swift","3"
"2011-04-01 00:00:00","assembly","159"
"2011-04-01 00:00:00","c","2036"
"2011-04-01 00:00:00","c#","9279"
"2011-04-01 00:00:00","c++","4163"
"2011-04-01 00:00:00","delphi","401"
"2011-04-01 00:00:00","go","7"
"2011-04-01 00:00:00","java","7896"
"2011-04-01 00:00:00","javascript","6878"
"2011-04-01 00:00:00","perl","551"
"2011-04-01 00:00:00","php","7644"
"2011-04-01 00:00:00","python","3339"
"2011-04-01 00:00:00","r","476"
"2011-04-01 00:00:00","ruby","1476"
"2011-04-01 00:00:00","swift","3"
"2011-05-01 00:00:00","assembly","158"
"2011-05-01 00:00:00","c","1822"
"2011-05-01 00:00:00","c#","10008"
"2011-05-01 00:00:00","c++","3882"
"2011-05-01 00:00:00","delphi","473"
"2011-05-01 00:00:00","go","36"
"2011-05-01 00:00:00","java","8563"
"2011-05-01 00:00:00","javascript","7311"
"2011-05-01 00:00:00","perl","581"
"2011-05-01 00:00:00","php","8097"
"2011-05-01 00:00:00","python","3514"
"2011-05-01 00:00:00","r","426"
"2011-05-01 00:00:00","ruby","1565"
"2011-05-01 00:00:00","swift","1"
"2011-06-01 00:00:00","assembly","139"
"2011-06-01 00:00:00","c","1763"
"2011-06-01 00:00:00","c#","9757"
"2011-06-01 00:00:00","c++","3808"
"2011-06-01 00:00:00","delphi","455"
"2011-06-01 00:00:00","go","34"
"2011-06-01 00:00:00","java","7905"
"2011-06-01 00:00:00","javascript","7682"
"2011-06-01 00:00:00","perl","567"
"2011-06-01 00:00:00","php","8036"
"2011-06-01 00:00:00","python","3467"
"2011-06-01 00:00:00","r","444"
"2011-06-01 00:00:00","ruby","1558"
"2011-06-01 00:00:00","swift","4"
"2011-07-01 00:00:00","assembly","141"
"2011-07-01 00:00:00","c","1657"
"2011-07-01 00:00:00","c#","9608"
"2011-07-01 00:00:00","c++","3849"
"2011-07-01 00:00:00","delphi","429"
"2011-07-01 00:00:00","go","26"
"2011-07-01 00:00:00","java","8156"
"2011-07-01 00:00:00","javascript","8110"
"2011-07-01 00:00:00","perl","658"
"2011-07-01 00:00:00","php","8678"
"2011-07-01 00:00:00","python","3660"
"2011-07-01 00:00:00","r","453"
"2011-07-01 00:00:00","ruby","1584"
"2011-07-01 00:00:00","swift","12"
"2011-08-01 00:00:00","assembly","159"
"2011-08-01 00:00:00","c","1824"
"2011-08-01 00:00:00","c#","10069"
"2011-08-01 00:00:00","c++","3952"
"2011-08-01 00:00:00","delphi","423"
"2011-08-01 00:00:00","go","40"
"2011-08-01 00:00:00","java","8685"
"2011-08-01 00:00:00","javascript","8906"
"2011-08-01 00:00:00","perl","613"
"2011-08-01 00:00:00","php","8926"
"2011-08-01 00:00:00","python","3825"
"2011-08-01 00:00:00","r","586"
"2011-08-01 00:00:00","ruby","1859"
"2011-08-01 00:00:00","swift","8"
"2011-09-01 00:00:00","assembly","155"
"2011-09-01 00:00:00","c","1915"
"2011-09-01 00:00:00","c#","9306"
"2011-09-01 00:00:00","c++","3943"
"2011-09-01 00:00:00","delphi","414"
"2011-09-01 00:00:00","go","26"
"2011-09-01 00:00:00","java","8324"
"2011-09-01 00:00:00","javascript","8191"
"2011-09-01 00:00:00","perl","500"
"2011-09-01 00:00:00","php","8068"
"2011-09-01 00:00:00","python","3516"
"2011-09-01 00:00:00","r","612"
"2011-09-01 00:00:00","ruby","1546"
"2011-09-01 00:00:00","swift","6"
"2011-10-01 00:00:00","assembly","212"
"2011-10-01 00:00:00","c","2138"
"2011-10-01 00:00:00","c#","9224"
"2011-10-01 00:00:00","c++","4350"
"2011-10-01 00:00:00","delphi","465"
"2011-10-01 00:00:00","go","40"
"2011-10-01 00:00:00","java","8562"
"2011-10-01 00:00:00","javascript","8032"
"2011-10-01 00:00:00","perl","554"
"2011-10-01 00:00:00","php","8071"
"2011-10-01 00:00:00","python","3622"
"2011-10-01 00:00:00","r","620"
"2011-10-01 00:00:00","ruby","1613"
"2011-10-01 00:00:00","swift","6"
"2011-11-01 00:00:00","assembly","211"
"2011-11-01 00:00:00","c","2197"
"2011-11-01 00:00:00","c#","9911"
"2011-11-01 00:00:00","c++","4479"
"2011-11-01 00:00:00","delphi","507"
"2011-11-01 00:00:00","go","65"
"2011-11-01 00:00:00","java","9643"
"2011-11-01 00:00:00","javascript","8692"
"2011-11-01 00:00:00","perl","606"
"2011-11-01 00:00:00","php","8689"
"2011-11-01 00:00:00","python","3878"
"2011-11-01 00:00:00","r","606"
"2011-11-01 00:00:00","ruby","1739"
"2011-11-01 00:00:00","swift","4"
"2011-12-01 00:00:00","assembly","228"
"2011-12-01 00:00:00","c","2004"
"2011-12-01 00:00:00","c#","9321"
"2011-12-01 00:00:00","c++","4360"
"2011-12-01 00:00:00","delphi","573"
"2011-12-01 00:00:00","go","52"
"2011-12-01 00:00:00","java","9209"
"2011-12-01 00:00:00","javascript","8338"
"2011-12-01 00:00:00","perl","538"
"2011-12-01 00:00:00","php","8344"
"2011-12-01 00:00:00","python","3623"
"2011-12-01 00:00:00","r","614"
"2011-12-01 00:00:00","ruby","1684"
"2011-12-01 00:00:00","swift","2"
"2012-01-01 00:00:00","assembly","169"
"2012-01-01 00:00:00","c","2233"
"2012-01-01 00:00:00","c#","10454"
"2012-01-01 00:00:00","c++","4548"
"2012-01-01 00:00:00","delphi","514"
"2012-01-01 00:00:00","go","37"
"2012-01-01 00:00:00","java","10146"
"2012-01-01 00:00:00","javascript","9610"
"2012-01-01 00:00:00","perl","563"
"2012-01-01 00:00:00","php","9315"
"2012-01-01 00:00:00","python","4211"
"2012-01-01 00:00:00","r","690"
"2012-01-01 00:00:00","ruby","1906"
"2012-01-01 00:00:00","swift","6"
"2012-02-01 00:00:00","assembly","232"
"2012-02-01 00:00:00","c","2407"
"2012-02-01 00:00:00","c#","10763"
"2012-02-01 00:00:00","c++","5105"
"2012-02-01 00:00:00","delphi","472"
"2012-02-01 00:00:00","go","31"
"2012-02-01 00:00:00","java","10951"
"2012-02-01 00:00:00","javascript","9993"
"2012-02-01 00:00:00","perl","613"
"2012-02-01 00:00:00","php","9928"
"2012-02-01 00:00:00","python","4493"
"2012-02-01 00:00:00","r","813"
"2012-02-01 00:00:00","ruby","2045"
"2012-02-01 00:00:00","swift","9"
"2012-03-01 00:00:00","assembly","262"
"2012-03-01 00:00:00","c","2726"
"2012-03-01 00:00:00","c#","11599"
"2012-03-01 00:00:00","c++","5234"
"2012-03-01 00:00:00","delphi","497"
"2012-03-01 00:00:00","go","47"
"2012-03-01 00:00:00","java","12396"
"2012-03-01 00:00:00","javascript","10717"
"2012-03-01 00:00:00","perl","608"
"2012-03-01 00:00:00","php","10893"
"2012-03-01 00:00:00","python","5033"
"2012-03-01 00:00:00","r","888"
"2012-03-01 00:00:00","ruby","2192"
"2012-03-01 00:00:00","swift","4"
"2012-04-01 00:00:00","assembly","277"
"2012-04-01 00:00:00","c","2667"
"2012-04-01 00:00:00","c#","11128"
"2012-04-01 00:00:00","c++","5303"
"2012-04-01 00:00:00","delphi","482"
"2012-04-01 00:00:00","go","69"
"2012-04-01 00:00:00","java","12028"
"2012-04-01 00:00:00","javascript","10669"
"2012-04-01 00:00:00","perl","598"
"2012-04-01 00:00:00","php","10406"
"2012-04-01 00:00:00","python","4919"
"2012-04-01 00:00:00","r","840"
"2012-04-01 00:00:00","ruby","1969"
"2012-04-01 00:00:00","swift","5"
"2012-05-01 00:00:00","assembly","227"
"2012-05-01 00:00:00","c","2482"
"2012-05-01 00:00:00","c#","11575"
"2012-05-01 00:00:00","c++","4991"
"2012-05-01 00:00:00","delphi","480"
"2012-05-01 00:00:00","go","69"
"2012-05-01 00:00:00","java","12178"
"2012-05-01 00:00:00","javascript","11520"
"2012-05-01 00:00:00","perl","643"
"2012-05-01 00:00:00","php","10930"
"2012-05-01 00:00:00","python","5097"
"2012-05-01 00:00:00","r","874"
"2012-05-01 00:00:00","ruby","1977"
"2012-05-01 00:00:00","swift","6"
"2012-06-01 00:00:00","assembly","201"
"2012-06-01 00:00:00","c","2310"
"2012-06-01 00:00:00","c#","11321"
"2012-06-01 00:00:00","c++","4651"
"2012-06-01 00:00:00","delphi","418"
"2012-06-01 00:00:00","go","72"
"2012-06-01 00:00:00","java","11100"
"2012-06-01 00:00:00","javascript","11231"
"2012-06-01 00:00:00","perl","740"
"2012-06-01 00:00:00","php","10572"
"2012-06-01 00:00:00","python","5276"
"2012-06-01 00:00:00","r","974"
"2012-06-01 00:00:00","ruby","1889"
"2012-06-01 00:00:00","swift","4"
"2012-07-01 00:00:00","assembly","201"
"2012-07-01 00:00:00","c","2371"
"2012-07-01 00:00:00","c#","12314"
"2012-07-01 00:00:00","c++","5276"
"2012-07-01 00:00:00","delphi","440"
"2012-07-01 00:00:00","go","76"
"2012-07-01 00:00:00","java","12244"
"2012-07-01 00:00:00","javascript","12310"
"2012-07-01 00:00:00","perl","666"
"2012-07-01 00:00:00","php","11731"
"2012-07-01 00:00:00","python","5724"
"2012-07-01 00:00:00","r","1119"
"2012-07-01 00:00:00","ruby","2060"
"2012-07-01 00:00:00","swift","9"
"2012-08-01 00:00:00","assembly","189"
"2012-08-01 00:00:00","c","2317"
"2012-08-01 00:00:00","c#","11940"
"2012-08-01 00:00:00","c++","5158"
"2012-08-01 00:00:00","delphi","403"
"2012-08-01 00:00:00","go","72"
"2012-08-01 00:00:00","java","12247"
"2012-08-01 00:00:00","javascript","12430"
"2012-08-01 00:00:00","perl","762"
"2012-08-01 00:00:00","php","11880"
"2012-08-01 00:00:00","python","5859"
"2012-08-01 00:00:00","r","1089"
"2012-08-01 00:00:00","ruby","2060"
"2012-08-01 00:00:00","swift","5"
"2012-09-01 00:00:00","assembly","225"
"2012-09-01 00:00:00","c","2528"
"2012-09-01 00:00:00","c#","11268"
"2012-09-01 00:00:00","c++","4908"
"2012-09-01 00:00:00","delphi","385"
"2012-09-01 00:00:00","go","130"
"2012-09-01 00:00:00","java","11611"
"2012-09-01 00:00:00","javascript","11168"
"2012-09-01 00:00:00","perl","662"
"2012-09-01 00:00:00","php","10978"
"2012-09-01 00:00:00","python","5248"
"2012-09-01 00:00:00","r","1058"
"2012-09-01 00:00:00","ruby","1956"
"2012-09-01 00:00:00","swift","7"
"2012-10-01 00:00:00","assembly","314"
"2012-10-01 00:00:00","c","3151"
"2012-10-01 00:00:00","c#","12715"
"2012-10-01 00:00:00","c++","5908"
"2012-10-01 00:00:00","delphi","478"
"2012-10-01 00:00:00","go","101"
"2012-10-01 00:00:00","java","13484"
"2012-10-01 00:00:00","javascript","12418"
"2012-10-01 00:00:00","perl","683"
"2012-10-01 00:00:00","php","11768"
"2012-10-01 00:00:00","python","6126"
"2012-10-01 00:00:00","r","1267"
"2012-10-01 00:00:00","ruby","2255"
"2012-10-01 00:00:00","swift","4"
"2012-11-01 00:00:00","assembly","303"
"2012-11-01 00:00:00","c","3190"
"2012-11-01 00:00:00","c#","12231"
"2012-11-01 00:00:00","c++","6267"
"2012-11-01 00:00:00","delphi","443"
"2012-11-01 00:00:00","go","104"
"2012-11-01 00:00:00","java","13595"
"2012-11-01 00:00:00","javascript","12329"
"2012-11-01 00:00:00","perl","636"
"2012-11-01 00:00:00","php","11761"
"2012-11-01 00:00:00","python","6390"
"2012-11-01 00:00:00","r","1345"
"2012-11-01 00:00:00","ruby","2130"
"2012-11-01 00:00:00","swift","4"
"2012-12-01 00:00:00","assembly","264"
"2012-12-01 00:00:00","c","2563"
"2012-12-01 00:00:00","c#","10946"
"2012-12-01 00:00:00","c++","5681"
"2012-12-01 00:00:00","delphi","428"
"2012-12-01 00:00:00","go","112"
"2012-12-01 00:00:00","java","12406"
"2012-12-01 00:00:00","javascript","11739"
"2012-12-01 00:00:00","perl","551"
"2012-12-01 00:00:00","php","11038"
"2012-12-01 00:00:00","python","5748"
"2012-12-01 00:00:00","r","1214"
"2012-12-01 00:00:00","ruby","1902"
"2012-12-01 00:00:00","swift","3"
"2013-01-01 00:00:00","assembly","295"
"2013-01-01 00:00:00","c","2904"
"2013-01-01 00:00:00","c#","12750"
"2013-01-01 00:00:00","c++","6037"
"2013-01-01 00:00:00","delphi","481"
"2013-01-01 00:00:00","go","101"
"2013-01-01 00:00:00","java","13696"
"2013-01-01 00:00:00","javascript","13785"
"2013-01-01 00:00:00","perl","661"
"2013-01-01 00:00:00","php","12842"
"2013-01-01 00:00:00","python","6562"
"2013-01-01 00:00:00","r","1507"
"2013-01-01 00:00:00","ruby","2306"
"2013-01-01 00:00:00","swift","5"
"2013-02-01 00:00:00","assembly","324"
"2013-02-01 00:00:00","c","3092"
"2013-02-01 00:00:00","c#","12477"
"2013-02-01 00:00:00","c++","6062"
"2013-02-01 00:00:00","delphi","448"
"2013-02-01 00:00:00","go","117"
"2013-02-01 00:00:00","java","13681"
"2013-02-01 00:00:00","javascript","13613"
"2013-02-01 00:00:00","perl","746"
"2013-02-01 00:00:00","php","12525"
"2013-02-01 00:00:00","python","6725"
"2013-02-01 00:00:00","r","1656"
"2013-02-01 00:00:00","ruby","2215"
"2013-02-01 00:00:00","swift","6"
"2013-03-01 00:00:00","assembly","367"
"2013-03-01 00:00:00","c","3438"
"2013-03-01 00:00:00","c#","14226"
"2013-03-01 00:00:00","c++","7173"
"2013-03-01 00:00:00","delphi","523"
"2013-03-01 00:00:00","go","127"
"2013-03-01 00:00:00","java","15888"
"2013-03-01 00:00:00","javascript","15274"
"2013-03-01 00:00:00","perl","850"
"2013-03-01 00:00:00","php","14076"
"2013-03-01 00:00:00","python","7611"
"2013-03-01 00:00:00","r","1848"
"2013-03-01 00:00:00","ruby","2558"
"2013-03-01 00:00:00","swift","5"
"2013-04-01 00:00:00","assembly","331"
"2013-04-01 00:00:00","c","3522"
"2013-04-01 00:00:00","c#","13871"
"2013-04-01 00:00:00","c++","7111"
"2013-04-01 00:00:00","delphi","509"
"2013-04-01 00:00:00","go","125"
"2013-04-01 00:00:00","java","16200"
"2013-04-01 00:00:00","javascript","15300"
"2013-04-01 00:00:00","perl","838"
"2013-04-01 00:00:00","php","13372"
"2013-04-01 00:00:00","python","7922"
"2013-04-01 00:00:00","r","1835"
"2013-04-01 00:00:00","ruby","2459"
"2013-04-01 00:00:00","swift","6"
"2013-05-01 00:00:00","assembly","301"
"2013-05-01 00:00:00","c","3188"
"2013-05-01 00:00:00","c#","13445"
"2013-05-01 00:00:00","c++","6822"
"2013-05-01 00:00:00","delphi","535"
"2013-05-01 00:00:00","go","142"
"2013-05-01 00:00:00","java","15244"
"2013-05-01 00:00:00","javascript","15026"
"2013-05-01 00:00:00","perl","902"
"2013-05-01 00:00:00","php","13045"
"2013-05-01 00:00:00","python","7796"
"2013-05-01 00:00:00","r","1779"
"2013-05-01 00:00:00","ruby","2338"
"2013-05-01 00:00:00","swift","2"
"2013-06-01 00:00:00","assembly","294"
"2013-06-01 00:00:00","c","2933"
"2013-06-01 00:00:00","c#","12764"
"2013-06-01 00:00:00","c++","6181"
"2013-06-01 00:00:00","delphi","474"
"2013-06-01 00:00:00","go","175"
"2013-06-01 00:00:00","java","13896"
"2013-06-01 00:00:00","javascript","14574"
"2013-06-01 00:00:00","perl","827"
"2013-06-01 00:00:00","php","12676"
"2013-06-01 00:00:00","python","7587"
"2013-06-01 00:00:00","r","1776"
"2013-06-01 00:00:00","ruby","2220"
"2013-06-01 00:00:00","swift","4"
"2013-07-01 00:00:00","assembly","297"
"2013-07-01 00:00:00","c","3006"
"2013-07-01 00:00:00","c#","14148"
"2013-07-01 00:00:00","c++","6570"
"2013-07-01 00:00:00","delphi","506"
"2013-07-01 00:00:00","go","200"
"2013-07-01 00:00:00","java","15150"
"2013-07-01 00:00:00","javascript","16779"
"2013-07-01 00:00:00","perl","951"
"2013-07-01 00:00:00","php","14263"
"2013-07-01 00:00:00","python","8599"
"2013-07-01 00:00:00","r","1967"
"2013-07-01 00:00:00","ruby","2437"
"2013-07-01 00:00:00","swift","7"
"2013-08-01 00:00:00","assembly","211"
"2013-08-01 00:00:00","c","3003"
"2013-08-01 00:00:00","c#","13827"
"2013-08-01 00:00:00","c++","6239"
"2013-08-01 00:00:00","delphi","449"
"2013-08-01 00:00:00","go","207"
"2013-08-01 00:00:00","java","15031"
"2013-08-01 00:00:00","javascript","16802"
"2013-08-01 00:00:00","perl","835"
"2013-08-01 00:00:00","php","14273"
"2013-08-01 00:00:00","python","7932"
"2013-08-01 00:00:00","r","1918"
"2013-08-01 00:00:00","ruby","2479"
"2013-08-01 00:00:00","swift","4"
"2013-09-01 00:00:00","assembly","290"
"2013-09-01 00:00:00","c","3387"
"2013-09-01 00:00:00","c#","13737"
"2013-09-01 00:00:00","c++","6542"
"2013-09-01 00:00:00","delphi","487"
"2013-09-01 00:00:00","go","237"
"2013-09-01 00:00:00","java","16236"
"2013-09-01 00:00:00","javascript","17663"
"2013-09-01 00:00:00","perl","684"
"2013-09-01 00:00:00","php","14218"
"2013-09-01 00:00:00","python","7956"
"2013-09-01 00:00:00","r","1711"
"2013-09-01 00:00:00","ruby","2388"
"2013-09-01 00:00:00","swift","9"
"2013-10-01 00:00:00","assembly","378"
"2013-10-01 00:00:00","c","4232"
"2013-10-01 00:00:00","c#","15173"
"2013-10-01 00:00:00","c++","7961"
"2013-10-01 00:00:00","delphi","520"
"2013-10-01 00:00:00","go","211"
"2013-10-01 00:00:00","java","18669"
"2013-10-01 00:00:00","javascript","19683"
"2013-10-01 00:00:00","perl","814"
"2013-10-01 00:00:00","php","15275"
"2013-10-01 00:00:00","python","9476"
"2013-10-01 00:00:00","r","2087"
"2013-10-01 00:00:00","ruby","2788"
"2013-10-01 00:00:00","swift","9"
"2013-11-01 00:00:00","assembly","417"
"2013-11-01 00:00:00","c","4281"
"2013-11-01 00:00:00","c#","14569"
"2013-11-01 00:00:00","c++","8119"
"2013-11-01 00:00:00","delphi","462"
"2013-11-01 00:00:00","go","209"
"2013-11-01 00:00:00","java","18725"
"2013-11-01 00:00:00","javascript","18462"
"2013-11-01 00:00:00","perl","819"
"2013-11-01 00:00:00","php","14855"
"2013-11-01 00:00:00","python","9482"
"2013-11-01 00:00:00","r","2187"
"2013-11-01 00:00:00","ruby","2574"
"2013-11-01 00:00:00","swift","6"
"2013-12-01 00:00:00","assembly","358"
"2013-12-01 00:00:00","c","3498"
"2013-12-01 00:00:00","c#","13604"
"2013-12-01 00:00:00","c++","7002"
"2013-12-01 00:00:00","delphi","448"
"2013-12-01 00:00:00","go","240"
"2013-12-01 00:00:00","java","17426"
"2013-12-01 00:00:00","javascript","17986"
"2013-12-01 00:00:00","perl","764"
"2013-12-01 00:00:00","php","14405"
"2013-12-01 00:00:00","python","8447"
"2013-12-01 00:00:00","r","1907"
"2013-12-01 00:00:00","ruby","2442"
"2013-12-01 00:00:00","swift","11"
"2014-01-01 00:00:00","assembly","340"
"2014-01-01 00:00:00","c","3729"
"2014-01-01 00:00:00","c#","15308"
"2014-01-01 00:00:00","c++","7686"
"2014-01-01 00:00:00","delphi","490"
"2014-01-01 00:00:00","go","300"
"2014-01-01 00:00:00","java","18629"
"2014-01-01 00:00:00","javascript","21082"
"2014-01-01 00:00:00","perl","810"
"2014-01-01 00:00:00","php","16748"
"2014-01-01 00:00:00","python","9827"
"2014-01-01 00:00:00","r","2346"
"2014-01-01 00:00:00","ruby","2758"
"2014-01-01 00:00:00","swift","5"
"2014-02-01 00:00:00","assembly","373"
"2014-02-01 00:00:00","c","3967"
"2014-02-01 00:00:00","c#","15097"
"2014-02-01 00:00:00","c++","7659"
"2014-02-01 00:00:00","delphi","489"
"2014-02-01 00:00:00","go","204"
"2014-02-01 00:00:00","java","19196"
"2014-02-01 00:00:00","javascript","21103"
"2014-02-01 00:00:00","perl","793"
"2014-02-01 00:00:00","php","16479"
"2014-02-01 00:00:00","python","9884"
"2014-02-01 00:00:00","r","2618"
"2014-02-01 00:00:00","ruby","2601"
"2014-02-01 00:00:00","swift","12"
"2014-03-01 00:00:00","assembly","451"
"2014-03-01 00:00:00","c","4552"
"2014-03-01 00:00:00","c#","16137"
"2014-03-01 00:00:00","c++","8660"
"2014-03-01 00:00:00","delphi","441"
"2014-03-01 00:00:00","go","255"
"2014-03-01 00:00:00","java","21924"
"2014-03-01 00:00:00","javascript","22595"
"2014-03-01 00:00:00","perl","908"
"2014-03-01 00:00:00","php","18271"
"2014-03-01 00:00:00","python","11409"
"2014-03-01 00:00:00","r","2806"
"2014-03-01 00:00:00","ruby","2945"
"2014-03-01 00:00:00","swift","5"
"2014-04-01 00:00:00","assembly","363"
"2014-04-01 00:00:00","c","4001"
"2014-04-01 00:00:00","c#","15263"
"2014-04-01 00:00:00","c++","8113"
"2014-04-01 00:00:00","delphi","390"
"2014-04-01 00:00:00","go","341"
"2014-04-01 00:00:00","java","20795"
"2014-04-01 00:00:00","javascript","21351"
"2014-04-01 00:00:00","perl","821"
"2014-04-01 00:00:00","php","17583"
"2014-04-01 00:00:00","python","10741"
"2014-04-01 00:00:00","r","2730"
"2014-04-01 00:00:00","ruby","2743"
"2014-04-01 00:00:00","swift","5"
"2014-05-01 00:00:00","assembly","329"
"2014-05-01 00:00:00","c","3251"
"2014-05-01 00:00:00","c#","13860"
"2014-05-01 00:00:00","c++","6769"
"2014-05-01 00:00:00","delphi","470"
"2014-05-01 00:00:00","go","279"
"2014-05-01 00:00:00","java","17907"
"2014-05-01 00:00:00","javascript","19709"
"2014-05-01 00:00:00","perl","795"
"2014-05-01 00:00:00","php","14691"
"2014-05-01 00:00:00","python","9228"
"2014-05-01 00:00:00","r","2580"
"2014-05-01 00:00:00","ruby","2672"
"2014-05-01 00:00:00","swift","9"
"2014-06-01 00:00:00","assembly","268"
"2014-06-01 00:00:00","c","2765"
"2014-06-01 00:00:00","c#","12466"
"2014-06-01 00:00:00","c++","5659"
"2014-06-01 00:00:00","delphi","413"
"2014-06-01 00:00:00","go","288"
"2014-06-01 00:00:00","java","15879"
"2014-06-01 00:00:00","javascript","18246"
"2014-06-01 00:00:00","perl","675"
"2014-06-01 00:00:00","php","12972"
"2014-06-01 00:00:00","python","8905"
"2014-06-01 00:00:00","r","2398"
"2014-06-01 00:00:00","ruby","2332"
"2014-06-01 00:00:00","swift","2388"
"2014-07-01 00:00:00","assembly","215"
"2014-07-01 00:00:00","c","2826"
"2014-07-01 00:00:00","c#","13658"
"2014-07-01 00:00:00","c++","6263"
"2014-07-01 00:00:00","delphi","445"
"2014-07-01 00:00:00","go","451"
"2014-07-01 00:00:00","java","17326"
"2014-07-01 00:00:00","javascript","20081"
"2014-07-01 00:00:00","perl","733"
"2014-07-01 00:00:00","php","14237"
"2014-07-01 00:00:00","python","9903"
"2014-07-01 00:00:00","r","2635"
"2014-07-01 00:00:00","ruby","2555"
"2014-07-01 00:00:00","swift","1634"
"2014-08-01 00:00:00","assembly","183"
"2014-08-01 00:00:00","c","2673"
"2014-08-01 00:00:00","c#","12476"
"2014-08-01 00:00:00","c++","5876"
"2014-08-01 00:00:00","delphi","423"
"2014-08-01 00:00:00","go","405"
"2014-08-01 00:00:00","java","15707"
"2014-08-01 00:00:00","javascript","18425"
"2014-08-01 00:00:00","perl","683"
"2014-08-01 00:00:00","php","13174"
"2014-08-01 00:00:00","python","9106"
"2014-08-01 00:00:00","r","2474"
"2014-08-01 00:00:00","ruby","2462"
"2014-08-01 00:00:00","swift","1691"
"2014-09-01 00:00:00","assembly","282"
"2014-09-01 00:00:00","c","3229"
"2014-09-01 00:00:00","c#","12317"
"2014-09-01 00:00:00","c++","6182"
"2014-09-01 00:00:00","delphi","446"
"2014-09-01 00:00:00","go","392"
"2014-09-01 00:00:00","java","16676"
"2014-09-01 00:00:00","javascript","18111"
"2014-09-01 00:00:00","perl","679"
"2014-09-01 00:00:00","php","13339"
"2014-09-01 00:00:00","python","8767"
"2014-09-01 00:00:00","r","2361"
"2014-09-01 00:00:00","ruby","2274"
"2014-09-01 00:00:00","swift","1899"
"2014-10-01 00:00:00","assembly","392"
"2014-10-01 00:00:00","c","3802"
"2014-10-01 00:00:00","c#","12548"
"2014-10-01 00:00:00","c++","6836"
"2014-10-01 00:00:00","delphi","410"
"2014-10-01 00:00:00","go","381"
"2014-10-01 00:00:00","java","17884"
"2014-10-01 00:00:00","javascript","18907"
"2014-10-01 00:00:00","perl","638"
"2014-10-01 00:00:00","php","13593"
"2014-10-01 00:00:00","python","9581"
"2014-10-01 00:00:00","r","2777"
"2014-10-01 00:00:00","ruby","2343"
"2014-10-01 00:00:00","swift","2464"
"2014-11-01 00:00:00","assembly","387"
"2014-11-01 00:00:00","c","3662"
"2014-11-01 00:00:00","c#","11870"
"2014-11-01 00:00:00","c++","6551"
"2014-11-01 00:00:00","delphi","427"
"2014-11-01 00:00:00","go","336"
"2014-11-01 00:00:00","java","17839"
"2014-11-01 00:00:00","javascript","17967"
"2014-11-01 00:00:00","perl","656"
"2014-11-01 00:00:00","php","13030"
"2014-11-01 00:00:00","python","9565"
"2014-11-01 00:00:00","r","2705"
"2014-11-01 00:00:00","ruby","2116"
"2014-11-01 00:00:00","swift","2559"
"2014-12-01 00:00:00","assembly","329"
"2014-12-01 00:00:00","c","3151"
"2014-12-01 00:00:00","c#","11078"
"2014-12-01 00:00:00","c++","6078"
"2014-12-01 00:00:00","delphi","314"
"2014-12-01 00:00:00","go","350"
"2014-12-01 00:00:00","java","16365"
"2014-12-01 00:00:00","javascript","16971"
"2014-12-01 00:00:00","perl","565"
"2014-12-01 00:00:00","php","12330"
"2014-12-01 00:00:00","python","9036"
"2014-12-01 00:00:00","r","2357"
"2014-12-01 00:00:00","ruby","2146"
"2014-12-01 00:00:00","swift","2487"
"2015-01-01 00:00:00","assembly","333"
"2015-01-01 00:00:00","c","3207"
"2015-01-01 00:00:00","c#","11738"
"2015-01-01 00:00:00","c++","6127"
"2015-01-01 00:00:00","delphi","380"
"2015-01-01 00:00:00","go","468"
"2015-01-01 00:00:00","java","16526"
"2015-01-01 00:00:00","javascript","18520"
"2015-01-01 00:00:00","perl","589"
"2015-01-01 00:00:00","php","13601"
"2015-01-01 00:00:00","python","9677"
"2015-01-01 00:00:00","r","2689"
"2015-01-01 00:00:00","ruby","2427"
"2015-01-01 00:00:00","swift","3048"
"2015-02-01 00:00:00","assembly","357"
"2015-02-01 00:00:00","c","3363"
"2015-02-01 00:00:00","c#","11783"
"2015-02-01 00:00:00","c++","6471"
"2015-02-01 00:00:00","delphi","414"
"2015-02-01 00:00:00","go","382"
"2015-02-01 00:00:00","java","16747"
"2015-02-01 00:00:00","javascript","18660"
"2015-02-01 00:00:00","perl","566"
"2015-02-01 00:00:00","php","13516"
"2015-02-01 00:00:00","python","10196"
"2015-02-01 00:00:00","r","2970"
"2015-02-01 00:00:00","ruby","2259"
"2015-02-01 00:00:00","swift","3235"
"2015-03-01 00:00:00","assembly","384"
"2015-03-01 00:00:00","c","3917"
"2015-03-01 00:00:00","c#","13268"
"2015-03-01 00:00:00","c++","7388"
"2015-03-01 00:00:00","delphi","409"
"2015-03-01 00:00:00","go","468"
"2015-03-01 00:00:00","java","19755"
"2015-03-01 00:00:00","javascript","20536"
"2015-03-01 00:00:00","perl","639"
"2015-03-01 00:00:00","php","14912"
"2015-03-01 00:00:00","python","11600"
"2015-03-01 00:00:00","r","3564"
"2015-03-01 00:00:00","ruby","2460"
"2015-03-01 00:00:00","swift","3592"
"2015-04-01 00:00:00","assembly","441"
"2015-04-01 00:00:00","c","3950"
"2015-04-01 00:00:00","c#","13092"
"2015-04-01 00:00:00","c++","7143"
"2015-04-01 00:00:00","delphi","388"
"2015-04-01 00:00:00","go","390"
"2015-04-01 00:00:00","java","19798"
"2015-04-01 00:00:00","javascript","20897"
"2015-04-01 00:00:00","perl","576"
"2015-04-01 00:00:00","php","14967"
"2015-04-01 00:00:00","python","11442"
"2015-04-01 00:00:00","r","3329"
"2015-04-01 00:00:00","ruby","2504"
"2015-04-01 00:00:00","swift","4015"
"2015-05-01 00:00:00","assembly","368"
"2015-05-01 00:00:00","c","3521"
"2015-05-01 00:00:00","c#","13361"
"2015-05-01 00:00:00","c++","6814"
"2015-05-01 00:00:00","delphi","400"
"2015-05-01 00:00:00","go","396"
"2015-05-01 00:00:00","java","18535"
"2015-05-01 00:00:00","javascript","22145"
"2015-05-01 00:00:00","perl","529"
"2015-05-01 00:00:00","php","14580"
"2015-05-01 00:00:00","python","11211"
"2015-05-01 00:00:00","r","3427"
"2015-05-01 00:00:00","ruby","2503"
"2015-05-01 00:00:00","swift","3797"
"2015-06-01 00:00:00","assembly","266"
"2015-06-01 00:00:00","c","3165"
"2015-06-01 00:00:00","c#","13532"
"2015-06-01 00:00:00","c++","6517"
"2015-06-01 00:00:00","delphi","388"
"2015-06-01 00:00:00","go","421"
"2015-06-01 00:00:00","java","17845"
"2015-06-01 00:00:00","javascript","22614"
"2015-06-01 00:00:00","perl","579"
"2015-06-01 00:00:00","php","14369"
"2015-06-01 00:00:00","python","11805"
"2015-06-01 00:00:00","r","3429"
"2015-06-01 00:00:00","ruby","2577"
"2015-06-01 00:00:00","swift","4323"
"2015-07-01 00:00:00","assembly","259"
"2015-07-01 00:00:00","c","2813"
"2015-07-01 00:00:00","c#","14118"
"2015-07-01 00:00:00","c++","6699"
"2015-07-01 00:00:00","delphi","385"
"2015-07-01 00:00:00","go","466"
"2015-07-01 00:00:00","java","18692"
"2015-07-01 00:00:00","javascript","23969"
"2015-07-01 00:00:00","perl","578"
"2015-07-01 00:00:00","php","15376"
"2015-07-01 00:00:00","python","12314"
"2015-07-01 00:00:00","r","3981"
"2015-07-01 00:00:00","ruby","2584"
"2015-07-01 00:00:00","swift","5144"
"2015-08-01 00:00:00","assembly","219"
"2015-08-01 00:00:00","c","2570"
"2015-08-01 00:00:00","c#","13227"
"2015-08-01 00:00:00","c++","5868"
"2015-08-01 00:00:00","delphi","387"
"2015-08-01 00:00:00","go","448"
"2015-08-01 00:00:00","java","17090"
"2015-08-01 00:00:00","javascript","22163"
"2015-08-01 00:00:00","perl","552"
"2015-08-01 00:00:00","php","14247"
"2015-08-01 00:00:00","python","11223"
"2015-08-01 00:00:00","r","3492"
"2015-08-01 00:00:00","ruby","2314"
"2015-08-01 00:00:00","swift","5086"
"2015-09-01 00:00:00","assembly","257"
"2015-09-01 00:00:00","c","3083"
"2015-09-01 00:00:00","c#","12922"
"2015-09-01 00:00:00","c++","5911"
"2015-09-01 00:00:00","delphi","358"
"2015-09-01 00:00:00","go","421"
"2015-09-01 00:00:00","java","16935"
"2015-09-01 00:00:00","javascript","21396"
"2015-09-01 00:00:00","perl","465"
"2015-09-01 00:00:00","php","13505"
"2015-09-01 00:00:00","python","10963"
"2015-09-01 00:00:00","r","3331"
"2015-09-01 00:00:00","ruby","2158"
"2015-09-01 00:00:00","swift","4549"
"2015-10-01 00:00:00","assembly","430"
"2015-10-01 00:00:00","c","3676"
"2015-10-01 00:00:00","c#","12792"
"2015-10-01 00:00:00","c++","7049"
"2015-10-01 00:00:00","delphi","421"
"2015-10-01 00:00:00","go","427"
"2015-10-01 00:00:00","java","18537"
"2015-10-01 00:00:00","javascript","21823"
"2015-10-01 00:00:00","perl","499"
"2015-10-01 00:00:00","php","13909"
"2015-10-01 00:00:00","python","12481"
"2015-10-01 00:00:00","r","3679"
"2015-10-01 00:00:00","ruby","2192"
"2015-10-01 00:00:00","swift","4295"
"2015-11-01 00:00:00","assembly","403"
"2015-11-01 00:00:00","c","3613"
"2015-11-01 00:00:00","c#","12378"
"2015-11-01 00:00:00","c++","7083"
"2015-11-01 00:00:00","delphi","389"
"2015-11-01 00:00:00","go","434"
"2015-11-01 00:00:00","java","17771"
"2015-11-01 00:00:00","javascript","21267"
"2015-11-01 00:00:00","perl","464"
"2015-11-01 00:00:00","php","13322"
"2015-11-01 00:00:00","python","12289"
"2015-11-01 00:00:00","r","3538"
"2015-11-01 00:00:00","ruby","1955"
"2015-11-01 00:00:00","swift","4318"
"2015-12-01 00:00:00","assembly","352"
"2015-12-01 00:00:00","c","3085"
"2015-12-01 00:00:00","c#","12136"
"2015-12-01 00:00:00","c++","6558"
"2015-12-01 00:00:00","delphi","314"
"2015-12-01 00:00:00","go","419"
"2015-12-01 00:00:00","java","16545"
"2015-12-01 00:00:00","javascript","21077"
"2015-12-01 00:00:00","perl","477"
"2015-12-01 00:00:00","php","13732"
"2015-12-01 00:00:00","python","11654"
"2015-12-01 00:00:00","r","3179"
"2015-12-01 00:00:00","ruby","2028"
"2015-12-01 00:00:00","swift","4372"
"2016-01-01 00:00:00","assembly","247"
"2016-01-01 00:00:00","c","3044"
"2016-01-01 00:00:00","c#","12360"
"2016-01-01 00:00:00","c++","6096"
"2016-01-01 00:00:00","delphi","318"
"2016-01-01 00:00:00","go","494"
"2016-01-01 00:00:00","java","16618"
"2016-01-01 00:00:00","javascript","22506"
"2016-01-01 00:00:00","perl","445"
"2016-01-01 00:00:00","php","14583"
"2016-01-01 00:00:00","python","12347"
"2016-01-01 00:00:00","r","3538"
"2016-01-01 00:00:00","ruby","2143"
"2016-01-01 00:00:00","swift","4784"
"2016-02-01 00:00:00","assembly","349"
"2016-02-01 00:00:00","c","3276"
"2016-02-01 00:00:00","c#","12730"
"2016-02-01 00:00:00","c++","6552"
"2016-02-01 00:00:00","delphi","355"
"2016-02-01 00:00:00","go","541"
"2016-02-01 00:00:00","java","17843"
"2016-02-01 00:00:00","javascript","22469"
"2016-02-01 00:00:00","perl","500"
"2016-02-01 00:00:00","php","14912"
"2016-02-01 00:00:00","python","13244"
"2016-02-01 00:00:00","r","3587"
"2016-02-01 00:00:00","ruby","2247"
"2016-02-01 00:00:00","swift","4747"
"2016-03-01 00:00:00","assembly","436"
"2016-03-01 00:00:00","c","3441"
"2016-03-01 00:00:00","c#","13607"
"2016-03-01 00:00:00","c++","7017"
"2016-03-01 00:00:00","delphi","339"
"2016-03-01 00:00:00","go","593"
"2016-03-01 00:00:00","java","19890"
"2016-03-01 00:00:00","javascript","24090"
"2016-03-01 00:00:00","perl","468"
"2016-03-01 00:00:00","php","15122"
"2016-03-01 00:00:00","python","14059"
"2016-03-01 00:00:00","r","4043"
"2016-03-01 00:00:00","ruby","2258"
"2016-03-01 00:00:00","swift","5071"
"2016-04-01 00:00:00","assembly","412"
"2016-04-01 00:00:00","c","3353"
"2016-04-01 00:00:00","c#","13713"
"2016-04-01 00:00:00","c++","6888"
"2016-04-01 00:00:00","delphi","324"
"2016-04-01 00:00:00","go","602"
"2016-04-01 00:00:00","java","19471"
"2016-04-01 00:00:00","javascript","23446"
"2016-04-01 00:00:00","perl","493"
"2016-04-01 00:00:00","php","14459"
"2016-04-01 00:00:00","python","13651"
"2016-04-01 00:00:00","r","4124"
"2016-04-01 00:00:00","ruby","2213"
"2016-04-01 00:00:00","swift","4746"
"2016-05-01 00:00:00","assembly","324"
"2016-05-01 00:00:00","c","2718"
"2016-05-01 00:00:00","c#","13491"
"2016-05-01 00:00:00","c++","6130"
"2016-05-01 00:00:00","delphi","337"
"2016-05-01 00:00:00","go","579"
"2016-05-01 00:00:00","java","17020"
"2016-05-01 00:00:00","javascript","22987"
"2016-05-01 00:00:00","perl","485"
"2016-05-01 00:00:00","php","14430"
"2016-05-01 00:00:00","python","13099"
"2016-05-01 00:00:00","r","3800"
"2016-05-01 00:00:00","ruby","2128"
"2016-05-01 00:00:00","swift","4414"
"2016-06-01 00:00:00","assembly","290"
"2016-06-01 00:00:00","c","2299"
"2016-06-01 00:00:00","c#","13055"
"2016-06-01 00:00:00","c++","5714"
"2016-06-01 00:00:00","delphi","281"
"2016-06-01 00:00:00","go","548"
"2016-06-01 00:00:00","java","15905"
"2016-06-01 00:00:00","javascript","22143"
"2016-06-01 00:00:00","perl","439"
"2016-06-01 00:00:00","php","13611"
"2016-06-01 00:00:00","python","12903"
"2016-06-01 00:00:00","r","3864"
"2016-06-01 00:00:00","ruby","2108"
"2016-06-01 00:00:00","swift","4791"
"2016-07-01 00:00:00","assembly","202"
"2016-07-01 00:00:00","c","2346"
"2016-07-01 00:00:00","c#","11998"
"2016-07-01 00:00:00","c++","5463"
"2016-07-01 00:00:00","delphi","242"
"2016-07-01 00:00:00","go","536"
"2016-07-01 00:00:00","java","14936"
"2016-07-01 00:00:00","javascript","22201"
"2016-07-01 00:00:00","perl","422"
"2016-07-01 00:00:00","php","12910"
"2016-07-01 00:00:00","python","12823"
"2016-07-01 00:00:00","r","3743"
"2016-07-01 00:00:00","ruby","1899"
"2016-07-01 00:00:00","swift","4929"
"2016-08-01 00:00:00","assembly","257"
"2016-08-01 00:00:00","c","2213"
"2016-08-01 00:00:00","c#","12718"
"2016-08-01 00:00:00","c++","5015"
"2016-08-01 00:00:00","delphi","338"
"2016-08-01 00:00:00","go","572"
"2016-08-01 00:00:00","java","15173"
"2016-08-01 00:00:00","javascript","22657"
"2016-08-01 00:00:00","perl","461"
"2016-08-01 00:00:00","php","12871"
"2016-08-01 00:00:00","python","12908"
"2016-08-01 00:00:00","r","3784"
"2016-08-01 00:00:00","ruby","1876"
"2016-08-01 00:00:00","swift","4901"
"2016-09-01 00:00:00","assembly","336"
"2016-09-01 00:00:00","c","2509"
"2016-09-01 00:00:00","c#","11099"
"2016-09-01 00:00:00","c++","5138"
"2016-09-01 00:00:00","delphi","287"
"2016-09-01 00:00:00","go","511"
"2016-09-01 00:00:00","java","14669"
"2016-09-01 00:00:00","javascript","20443"
"2016-09-01 00:00:00","perl","464"
"2016-09-01 00:00:00","php","12127"
"2016-09-01 00:00:00","python","12330"
"2016-09-01 00:00:00","r","3300"
"2016-09-01 00:00:00","ruby","1924"
"2016-09-01 00:00:00","swift","4856"
"2016-10-01 00:00:00","assembly","398"
"2016-10-01 00:00:00","c","3207"
"2016-10-01 00:00:00","c#","11450"
"2016-10-01 00:00:00","c++","5965"
"2016-10-01 00:00:00","delphi","267"
"2016-10-01 00:00:00","go","532"
"2016-10-01 00:00:00","java","15322"
"2016-10-01 00:00:00","javascript","20438"
"2016-10-01 00:00:00","perl","405"
"2016-10-01 00:00:00","php","12256"
"2016-10-01 00:00:00","python","13498"
"2016-10-01 00:00:00","r","3785"
"2016-10-01 00:00:00","ruby","1821"
"2016-10-01 00:00:00","swift","4727"
"2016-11-01 00:00:00","assembly","412"
"2016-11-01 00:00:00","c","3262"
"2016-11-01 00:00:00","c#","11645"
"2016-11-01 00:00:00","c++","6075"
"2016-11-01 00:00:00","delphi","274"
"2016-11-01 00:00:00","go","476"
"2016-11-01 00:00:00","java","15639"
"2016-11-01 00:00:00","javascript","20508"
"2016-11-01 00:00:00","perl","376"
"2016-11-01 00:00:00","php","11930"
"2016-11-01 00:00:00","python","14175"
"2016-11-01 00:00:00","r","3558"
"2016-11-01 00:00:00","ruby","1757"
"2016-11-01 00:00:00","swift","4360"
"2016-12-01 00:00:00","assembly","314"
"2016-12-01 00:00:00","c","2793"
"2016-12-01 00:00:00","c#","10682"
"2016-12-01 00:00:00","c++","5222"
"2016-12-01 00:00:00","delphi","252"
"2016-12-01 00:00:00","go","496"
"2016-12-01 00:00:00","java","13840"
"2016-12-01 00:00:00","javascript","19794"
"2016-12-01 00:00:00","perl","338"
"2016-12-01 00:00:00","php","11473"
"2016-12-01 00:00:00","python","13041"
"2016-12-01 00:00:00","r","3149"
"2016-12-01 00:00:00","ruby","1626"
"2016-12-01 00:00:00","swift","3926"
"2017-01-01 00:00:00","assembly","306"
"2017-01-01 00:00:00","c","2756"
"2017-01-01 00:00:00","c#","11688"
"2017-01-01 00:00:00","c++","5646"
"2017-01-01 00:00:00","delphi","285"
"2017-01-01 00:00:00","go","559"
"2017-01-01 00:00:00","java","14550"
"2017-01-01 00:00:00","javascript","21386"
"2017-01-01 00:00:00","perl","326"
"2017-01-01 00:00:00","php","12603"
"2017-01-01 00:00:00","python","14266"
"2017-01-01 00:00:00","r","3489"
"2017-01-01 00:00:00","ruby","1821"
"2017-01-01 00:00:00","swift","4335"
"2017-02-01 00:00:00","assembly","301"
"2017-02-01 00:00:00","c","2725"
"2017-02-01 00:00:00","c#","11486"
"2017-02-01 00:00:00","c++","5164"
"2017-02-01 00:00:00","delphi","303"
"2017-02-01 00:00:00","go","554"
"2017-02-01 00:00:00","java","14552"
"2017-02-01 00:00:00","javascript","21173"
"2017-02-01 00:00:00","perl","402"
"2017-02-01 00:00:00","php","12476"
"2017-02-01 00:00:00","python","14760"
"2017-02-01 00:00:00","r","3675"
"2017-02-01 00:00:00","ruby","1625"
"2017-02-01 00:00:00","swift","4054"
"2017-03-01 00:00:00","assembly","373"
"2017-03-01 00:00:00","c","2968"
"2017-03-01 00:00:00","c#","12982"
"2017-03-01 00:00:00","c++","6218"
"2017-03-01 00:00:00","delphi","304"
"2017-03-01 00:00:00","go","651"
"2017-03-01 00:00:00","java","17294"
"2017-03-01 00:00:00","javascript","23693"
"2017-03-01 00:00:00","perl","410"
"2017-03-01 00:00:00","php","14032"
"2017-03-01 00:00:00","python","17113"
"2017-03-01 00:00:00","r","4602"
"2017-03-01 00:00:00","ruby","1789"
"2017-03-01 00:00:00","swift","4610"
"2017-04-01 00:00:00","assembly","316"
"2017-04-01 00:00:00","c","2850"
"2017-04-01 00:00:00","c#","11086"
"2017-04-01 00:00:00","c++","5874"
"2017-04-01 00:00:00","delphi","264"
"2017-04-01 00:00:00","go","507"
"2017-04-01 00:00:00","java","15917"
"2017-04-01 00:00:00","javascript","21225"
"2017-04-01 00:00:00","perl","369"
"2017-04-01 00:00:00","php","12392"
"2017-04-01 00:00:00","python","15635"
"2017-04-01 00:00:00","r","4263"
"2017-04-01 00:00:00","ruby","1487"
"2017-04-01 00:00:00","swift","3910"
"2017-05-01 00:00:00","assembly","348"
"2017-05-01 00:00:00","c","2741"
"2017-05-01 00:00:00","c#","11969"
"2017-05-01 00:00:00","c++","5296"
"2017-05-01 00:00:00","delphi","320"
"2017-05-01 00:00:00","go","584"
"2017-05-01 00:00:00","java","16327"
"2017-05-01 00:00:00","javascript","22380"
"2017-05-01 00:00:00","perl","355"
"2017-05-01 00:00:00","php","13020"
"2017-05-01 00:00:00","python","16178"
"2017-05-01 00:00:00","r","4314"
"2017-05-01 00:00:00","ruby","1519"
"2017-05-01 00:00:00","swift","4091"
"2017-06-01 00:00:00","assembly","240"
"2017-06-01 00:00:00","c","2352"
"2017-06-01 00:00:00","c#","11298"
"2017-06-01 00:00:00","c++","4683"
"2017-06-01 00:00:00","delphi","246"
"2017-06-01 00:00:00","go","572"
"2017-06-01 00:00:00","java","14616"
"2017-06-01 00:00:00","javascript","21560"
"2017-06-01 00:00:00","perl","313"
"2017-06-01 00:00:00","php","11730"
"2017-06-01 00:00:00","python","16010"
"2017-06-01 00:00:00","r","4447"
"2017-06-01 00:00:00","ruby","1417"
"2017-06-01 00:00:00","swift","4195"
"2017-07-01 00:00:00","assembly","221"
"2017-07-01 00:00:00","c","2048"
"2017-07-01 00:00:00","c#","11197"
"2017-07-01 00:00:00","c++","5020"
"2017-07-01 00:00:00","delphi","207"
"2017-07-01 00:00:00","go","656"
"2017-07-01 00:00:00","java","14124"
"2017-07-01 00:00:00","javascript","21598"
"2017-07-01 00:00:00","perl","332"
"2017-07-01 00:00:00","php","11754"
"2017-07-01 00:00:00","python","16904"
"2017-07-01 00:00:00","r","4579"
"2017-07-01 00:00:00","ruby","1520"
"2017-07-01 00:00:00","swift","4345"
"2017-08-01 00:00:00","assembly","216"
"2017-08-01 00:00:00","c","2039"
"2017-08-01 00:00:00","c#","10947"
"2017-08-01 00:00:00","c++","4786"
"2017-08-01 00:00:00","delphi","290"
"2017-08-01 00:00:00","go","608"
"2017-08-01 00:00:00","java","13744"
"2017-08-01 00:00:00","javascript","21331"
"2017-08-01 00:00:00","perl","356"
"2017-08-01 00:00:00","php","11626"
"2017-08-01 00:00:00","python","16457"
"2017-08-01 00:00:00","r","4568"
"2017-08-01 00:00:00","ruby","1392"
"2017-08-01 00:00:00","swift","4177"
"2017-09-01 00:00:00","assembly","229"
"2017-09-01 00:00:00","c","2100"
"2017-09-01 00:00:00","c#","9870"
"2017-09-01 00:00:00","c++","4465"
"2017-09-01 00:00:00","delphi","261"
"2017-09-01 00:00:00","go","544"
"2017-09-01 00:00:00","java","12743"
"2017-09-01 00:00:00","javascript","18978"
"2017-09-01 00:00:00","perl","297"
"2017-09-01 00:00:00","php","10675"
"2017-09-01 00:00:00","python","15443"
"2017-09-01 00:00:00","r","4221"
"2017-09-01 00:00:00","ruby","1221"
"2017-09-01 00:00:00","swift","3760"
"2017-10-01 00:00:00","assembly","332"
"2017-10-01 00:00:00","c","2777"
"2017-10-01 00:00:00","c#","10229"
"2017-10-01 00:00:00","c++","5216"
"2017-10-01 00:00:00","delphi","221"
"2017-10-01 00:00:00","go","615"
"2017-10-01 00:00:00","java","14000"
"2017-10-01 00:00:00","javascript","19853"
"2017-10-01 00:00:00","perl","333"
"2017-10-01 00:00:00","php","10808"
"2017-10-01 00:00:00","python","16930"
"2017-10-01 00:00:00","r","4541"
"2017-10-01 00:00:00","ruby","1298"
"2017-10-01 00:00:00","swift","3898"
"2017-11-01 00:00:00","assembly","385"
"2017-11-01 00:00:00","c","2948"
"2017-11-01 00:00:00","c#","9787"
"2017-11-01 00:00:00","c++","5033"
"2017-11-01 00:00:00","delphi","200"
"2017-11-01 00:00:00","go","654"
"2017-11-01 00:00:00","java","14171"
"2017-11-01 00:00:00","javascript","19399"
"2017-11-01 00:00:00","perl","264"
"2017-11-01 00:00:00","php","10578"
"2017-11-01 00:00:00","python","16960"
"2017-11-01 00:00:00","r","4504"
"2017-11-01 00:00:00","ruby","1173"
"2017-11-01 00:00:00","swift","3664"
"2017-12-01 00:00:00","assembly","247"
"2017-12-01 00:00:00","c","2194"
"2017-12-01 00:00:00","c#","8604"
"2017-12-01 00:00:00","c++","4457"
"2017-12-01 00:00:00","delphi","187"
"2017-12-01 00:00:00","go","525"
"2017-12-01 00:00:00","java","11968"
"2017-12-01 00:00:00","javascript","16967"
"2017-12-01 00:00:00","perl","237"
"2017-12-01 00:00:00","php","9115"
"2017-12-01 00:00:00","python","14932"
"2017-12-01 00:00:00","r","3715"
"2017-12-01 00:00:00","ruby","1018"
"2017-12-01 00:00:00","swift","3199"
"2018-01-01 00:00:00","assembly","252"
"2018-01-01 00:00:00","c","2214"
"2018-01-01 00:00:00","c#","9372"
"2018-01-01 00:00:00","c++","4752"
"2018-01-01 00:00:00","delphi","195"
"2018-01-01 00:00:00","go","542"
"2018-01-01 00:00:00","java","12334"
"2018-01-01 00:00:00","javascript","18887"
"2018-01-01 00:00:00","perl","245"
"2018-01-01 00:00:00","php","10094"
"2018-01-01 00:00:00","python","16230"
"2018-01-01 00:00:00","r","4199"
"2018-01-01 00:00:00","ruby","1160"
"2018-01-01 00:00:00","swift","3741"
"2018-02-01 00:00:00","assembly","281"
"2018-02-01 00:00:00","c","2143"
"2018-02-01 00:00:00","c#","8578"
"2018-02-01 00:00:00","c++","4567"
"2018-02-01 00:00:00","delphi","213"
"2018-02-01 00:00:00","go","580"
"2018-02-01 00:00:00","java","12021"
"2018-02-01 00:00:00","javascript","17215"
"2018-02-01 00:00:00","perl","231"
"2018-02-01 00:00:00","php","9108"
"2018-02-01 00:00:00","python","16292"
"2018-02-01 00:00:00","r","4498"
"2018-02-01 00:00:00","ruby","1031"
"2018-02-01 00:00:00","swift","3405"
"2018-03-01 00:00:00","assembly","317"
"2018-03-01 00:00:00","c","2464"
"2018-03-01 00:00:00","c#","9787"
"2018-03-01 00:00:00","c++","5181"
"2018-03-01 00:00:00","delphi","218"
"2018-03-01 00:00:00","go","603"
"2018-03-01 00:00:00","java","13551"
"2018-03-01 00:00:00","javascript","19140"
"2018-03-01 00:00:00","perl","288"
"2018-03-01 00:00:00","php","9812"
"2018-03-01 00:00:00","python","17895"
"2018-03-01 00:00:00","r","5102"
"2018-03-01 00:00:00","ruby","1062"
"2018-03-01 00:00:00","swift","4044"
"2018-04-01 00:00:00","assembly","321"
"2018-04-01 00:00:00","c","2184"
"2018-04-01 00:00:00","c#","9234"
"2018-04-01 00:00:00","c++","4663"
"2018-04-01 00:00:00","delphi","204"
"2018-04-01 00:00:00","go","619"
"2018-04-01 00:00:00","java","13483"
"2018-04-01 00:00:00","javascript","17947"
"2018-04-01 00:00:00","perl","253"
"2018-04-01 00:00:00","php","8922"
"2018-04-01 00:00:00","python","16973"
"2018-04-01 00:00:00","r","4728"
"2018-04-01 00:00:00","ruby","988"
"2018-04-01 00:00:00","swift","3571"
"2018-05-01 00:00:00","assembly","296"
"2018-05-01 00:00:00","c","2366"
"2018-05-01 00:00:00","c#","9926"
"2018-05-01 00:00:00","c++","4684"
"2018-05-01 00:00:00","delphi","193"
"2018-05-01 00:00:00","go","631"
"2018-05-01 00:00:00","java","13462"
"2018-05-01 00:00:00","javascript","18056"
"2018-05-01 00:00:00","perl","242"
"2018-05-01 00:00:00","php","9442"
"2018-05-01 00:00:00","python","17562"
"2018-05-01 00:00:00","r","4733"
"2018-05-01 00:00:00","ruby","1034"
"2018-05-01 00:00:00","swift","3616"
"2018-06-01 00:00:00","assembly","206"
"2018-06-01 00:00:00","c","1835"
"2018-06-01 00:00:00","c#","8786"
"2018-06-01 00:00:00","c++","4097"
"2018-06-01 00:00:00","delphi","186"
"2018-06-01 00:00:00","go","675"
"2018-06-01 00:00:00","java","11781"
"2018-06-01 00:00:00","javascript","17175"
"2018-06-01 00:00:00","perl","239"
"2018-06-01 00:00:00","php","8416"
"2018-06-01 00:00:00","python","16795"
"2018-06-01 00:00:00","r","4484"
"2018-06-01 00:00:00","ruby","991"
"2018-06-01 00:00:00","swift","3141"
"2018-07-01 00:00:00","assembly","182"
"2018-07-01 00:00:00","c","1600"
"2018-07-01 00:00:00","c#","9400"
"2018-07-01 00:00:00","c++","3912"
"2018-07-01 00:00:00","delphi","206"
"2018-07-01 00:00:00","go","692"
"2018-07-01 00:00:00","java","11744"
"2018-07-01 00:00:00","javascript","17788"
"2018-07-01 00:00:00","perl","246"
"2018-07-01 00:00:00","php","8537"
"2018-07-01 00:00:00","python","17930"
"2018-07-01 00:00:00","r","4404"
"2018-07-01 00:00:00","ruby","940"
"2018-07-01 00:00:00","swift","3667"
"2018-08-01 00:00:00","assembly","177"
"2018-08-01 00:00:00","c","1680"
"2018-08-01 00:00:00","c#","9482"
"2018-08-01 00:00:00","c++","3900"
"2018-08-01 00:00:00","delphi","204"
"2018-08-01 00:00:00","go","707"
"2018-08-01 00:00:00","java","11295"
"2018-08-01 00:00:00","javascript","17843"
"2018-08-01 00:00:00","perl","228"
"2018-08-01 00:00:00","php","8460"
"2018-08-01 00:00:00","python","17716"
"2018-08-01 00:00:00","r","4102"
"2018-08-01 00:00:00","ruby","878"
"2018-08-01 00:00:00","swift","3568"
"2018-09-01 00:00:00","assembly","255"
"2018-09-01 00:00:00","c","1837"
"2018-09-01 00:00:00","c#","8357"
"2018-09-01 00:00:00","c++","3739"
"2018-09-01 00:00:00","delphi","181"
"2018-09-01 00:00:00","go","675"
"2018-09-01 00:00:00","java","10713"
"2018-09-01 00:00:00","javascript","15997"
"2018-09-01 00:00:00","perl","205"
"2018-09-01 00:00:00","php","7641"
"2018-09-01 00:00:00","python","15991"
"2018-09-01 00:00:00","r","3756"
"2018-09-01 00:00:00","ruby","777"
"2018-09-01 00:00:00","swift","3138"
"2018-10-01 00:00:00","assembly","321"
"2018-10-01 00:00:00","c","2447"
"2018-10-01 00:00:00","c#","9326"
"2018-10-01 00:00:00","c++","4308"
"2018-10-01 00:00:00","delphi","222"
"2018-10-01 00:00:00","go","791"
"2018-10-01 00:00:00","java","12486"
"2018-10-01 00:00:00","javascript","17396"
"2018-10-01 00:00:00","perl","280"
"2018-10-01 00:00:00","php","8150"
"2018-10-01 00:00:00","python","18128"
"2018-10-01 00:00:00","r","4358"
"2018-10-01 00:00:00","ruby","897"
"2018-10-01 00:00:00","swift","3268"
"2018-11-01 00:00:00","assembly","301"
"2018-11-01 00:00:00","c","2521"
"2018-11-01 00:00:00","c#","8466"
"2018-11-01 00:00:00","c++","4340"
"2018-11-01 00:00:00","delphi","179"
"2018-11-01 00:00:00","go","717"
"2018-11-01 00:00:00","java","11695"
"2018-11-01 00:00:00","javascript","16155"
"2018-11-01 00:00:00","perl","237"
"2018-11-01 00:00:00","php","7065"
"2018-11-01 00:00:00","python","17996"
"2018-11-01 00:00:00","r","4229"
"2018-11-01 00:00:00","ruby","834"
"2018-11-01 00:00:00","swift","2976"
"2018-12-01 00:00:00","assembly","221"
"2018-12-01 00:00:00","c","2190"
"2018-12-01 00:00:00","c#","7542"
"2018-12-01 00:00:00","c++","3556"
"2018-12-01 00:00:00","delphi","175"
"2018-12-01 00:00:00","go","657"
"2018-12-01 00:00:00","java","10431"
"2018-12-01 00:00:00","javascript","14261"
"2018-12-01 00:00:00","perl","221"
"2018-12-01 00:00:00","php","6186"
"2018-12-01 00:00:00","python","15712"
"2018-12-01 00:00:00","r","3398"
"2018-12-01 00:00:00","ruby","807"
"2018-12-01 00:00:00","swift","2782"
"2019-01-01 00:00:00","assembly","218"
"2019-01-01 00:00:00","c","2281"
"2019-01-01 00:00:00","c#","8742"
"2019-01-01 00:00:00","c++","3906"
"2019-01-01 00:00:00","delphi","215"
"2019-01-01 00:00:00","go","658"
"2019-01-01 00:00:00","java","11017"
"2019-01-01 00:00:00","javascript","16004"
"2019-01-01 00:00:00","perl","266"
"2019-01-01 00:00:00","php","7163"
"2019-01-01 00:00:00","python","16929"
"2019-01-01 00:00:00","r","3944"
"2019-01-01 00:00:00","ruby","915"
"2019-01-01 00:00:00","swift","2906"
"2019-02-01 00:00:00","assembly","226"
"2019-02-01 00:00:00","c","2053"
"2019-02-01 00:00:00","c#","8345"
"2019-02-01 00:00:00","c++","3729"
"2019-02-01 00:00:00","delphi","189"
"2019-02-01 00:00:00","go","628"
"2019-02-01 00:00:00","java","10982"
"2019-02-01 00:00:00","javascript","15670"
"2019-02-01 00:00:00","perl","252"
"2019-02-01 00:00:00","php","7259"
"2019-02-01 00:00:00","python","17506"
"2019-02-01 00:00:00","r","4249"
"2019-02-01 00:00:00","ruby","786"
"2019-02-01 00:00:00","swift","2681"
"2019-03-01 00:00:00","assembly","275"
"2019-03-01 00:00:00","c","2380"
"2019-03-01 00:00:00","c#","8951"
"2019-03-01 00:00:00","c++","4421"
"2019-03-01 00:00:00","delphi","186"
"2019-03-01 00:00:00","go","723"
"2019-03-01 00:00:00","java","12028"
"2019-03-01 00:00:00","javascript","17312"
"2019-03-01 00:00:00","perl","231"
"2019-03-01 00:00:00","php","7768"
"2019-03-01 00:00:00","python","19882"
"2019-03-01 00:00:00","r","4493"
"2019-03-01 00:00:00","ruby","843"
"2019-03-01 00:00:00","swift","2946"
"2019-04-01 00:00:00","assembly","305"
"2019-04-01 00:00:00","c","2428"
"2019-04-01 00:00:00","c#","9107"
"2019-04-01 00:00:00","c++","4372"
"2019-04-01 00:00:00","delphi","204"
"2019-04-01 00:00:00","go","650"
"2019-04-01 00:00:00","java","11155"
"2019-04-01 00:00:00","javascript","16148"
"2019-04-01 00:00:00","perl","207"
"2019-04-01 00:00:00","php","7145"
"2019-04-01 00:00:00","python","19807"
"2019-04-01 00:00:00","r","4597"
"2019-04-01 00:00:00","ruby","767"
"2019-04-01 00:00:00","swift","3074"
"2019-05-01 00:00:00","assembly","237"
"2019-05-01 00:00:00","c","2090"
"2019-05-01 00:00:00","c#","9016"
"2019-05-01 00:00:00","c++","4122"
"2019-05-01 00:00:00","delphi","170"
"2019-05-01 00:00:00","go","673"
"2019-05-01 00:00:00","java","11085"
"2019-05-01 00:00:00","javascript","16124"
"2019-05-01 00:00:00","perl","222"
"2019-05-01 00:00:00","php","6935"
"2019-05-01 00:00:00","python","18873"
"2019-05-01 00:00:00","r","4290"
"2019-05-01 00:00:00","ruby","759"
"2019-05-01 00:00:00","swift","3104"
"2019-06-01 00:00:00","assembly","199"
"2019-06-01 00:00:00","c","1724"
"2019-06-01 00:00:00","c#","7597"
"2019-06-01 00:00:00","c++","3639"
"2019-06-01 00:00:00","delphi","134"
"2019-06-01 00:00:00","go","526"
"2019-06-01 00:00:00","java","9622"
"2019-06-01 00:00:00","javascript","14790"
"2019-06-01 00:00:00","perl","236"
"2019-06-01 00:00:00","php","5991"
"2019-06-01 00:00:00","python","17217"
"2019-06-01 00:00:00","r","3946"
"2019-06-01 00:00:00","ruby","703"
"2019-06-01 00:00:00","swift","3086"
"2019-07-01 00:00:00","assembly","187"
"2019-07-01 00:00:00","c","1752"
"2019-07-01 00:00:00","c#","8439"
"2019-07-01 00:00:00","c++","4262"
"2019-07-01 00:00:00","delphi","164"
"2019-07-01 00:00:00","go","627"
"2019-07-01 00:00:00","java","10821"
"2019-07-01 00:00:00","javascript","16131"
"2019-07-01 00:00:00","perl","237"
"2019-07-01 00:00:00","php","6644"
"2019-07-01 00:00:00","python","19739"
"2019-07-01 00:00:00","r","4199"
"2019-07-01 00:00:00","ruby","757"
"2019-07-01 00:00:00","swift","3035"
"2019-08-01 00:00:00","assembly","166"
"2019-08-01 00:00:00","c","1550"
"2019-08-01 00:00:00","c#","7702"
"2019-08-01 00:00:00","c++","3289"
"2019-08-01 00:00:00","delphi","174"
"2019-08-01 00:00:00","go","630"
"2019-08-01 00:00:00","java","9076"
"2019-08-01 00:00:00","javascript","15197"
"2019-08-01 00:00:00","perl","192"
"2019-08-01 00:00:00","php","5800"
"2019-08-01 00:00:00","python","18023"
"2019-08-01 00:00:00","r","3950"
"2019-08-01 00:00:00","ruby","779"
"2019-08-01 00:00:00","swift","2538"
"2019-09-01 00:00:00","assembly","221"
"2019-09-01 00:00:00","c","2004"
"2019-09-01 00:00:00","c#","7836"
"2019-09-01 00:00:00","c++","3777"
"2019-09-01 00:00:00","delphi","146"
"2019-09-01 00:00:00","go","619"
"2019-09-01 00:00:00","java","9660"
"2019-09-01 00:00:00","javascript","14867"
"2019-09-01 00:00:00","perl","199"
"2019-09-01 00:00:00","php","5554"
"2019-09-01 00:00:00","python","16863"
"2019-09-01 00:00:00","r","3936"
"2019-09-01 00:00:00","ruby","717"
"2019-09-01 00:00:00","swift","2552"
"2019-10-01 00:00:00","assembly","317"
"2019-10-01 00:00:00","c","2477"
"2019-10-01 00:00:00","c#","8404"
"2019-10-01 00:00:00","c++","4835"
"2019-10-01 00:00:00","delphi","151"
"2019-10-01 00:00:00","go","634"
"2019-10-01 00:00:00","java","11199"
"2019-10-01 00:00:00","javascript","15964"
"2019-10-01 00:00:00","perl","209"
"2019-10-01 00:00:00","php","6041"
"2019-10-01 00:00:00","python","20431"
"2019-10-01 00:00:00","r","4384"
"2019-10-01 00:00:00","ruby","850"
"2019-10-01 00:00:00","swift","3097"
"2019-11-01 00:00:00","assembly","282"
"2019-11-01 00:00:00","c","2508"
"2019-11-01 00:00:00","c#","8012"
"2019-11-01 00:00:00","c++","4727"
"2019-11-01 00:00:00","delphi","172"
"2019-11-01 00:00:00","go","602"
"2019-11-01 00:00:00","java","10311"
"2019-11-01 00:00:00","javascript","15738"
"2019-11-01 00:00:00","perl","222"
"2019-11-01 00:00:00","php","6068"
"2019-11-01 00:00:00","python","20584"
"2019-11-01 00:00:00","r","4285"
"2019-11-01 00:00:00","ruby","684"
"2019-11-01 00:00:00","swift","2874"
"2019-12-01 00:00:00","assembly","248"
"2019-12-01 00:00:00","c","2144"
"2019-12-01 00:00:00","c#","7203"
"2019-12-01 00:00:00","c++","4199"
"2019-12-01 00:00:00","delphi","128"
"2019-12-01 00:00:00","go","616"
"2019-12-01 00:00:00","java","9025"
"2019-12-01 00:00:00","javascript","14302"
"2019-12-01 00:00:00","perl","157"
"2019-12-01 00:00:00","php","5220"
"2019-12-01 00:00:00","python","18092"
"2019-12-01 00:00:00","r","3738"
"2019-12-01 00:00:00","ruby","666"
"2019-12-01 00:00:00","swift","2662"
"2020-01-01 00:00:00","assembly","229"
"2020-01-01 00:00:00","c","2051"
"2020-01-01 00:00:00","c#","7800"
"2020-01-01 00:00:00","c++","4230"
"2020-01-01 00:00:00","delphi","164"
"2020-01-01 00:00:00","go","648"
"2020-01-01 00:00:00","java","9950"
"2020-01-01 00:00:00","javascript","16010"
"2020-01-01 00:00:00","perl","165"
"2020-01-01 00:00:00","php","5886"
"2020-01-01 00:00:00","python","19958"
"2020-01-01 00:00:00","r","4146"
"2020-01-01 00:00:00","ruby","764"
"2020-01-01 00:00:00","swift","2895"
"2020-02-01 00:00:00","assembly","272"
"2020-02-01 00:00:00","c","1980"
"2020-02-01 00:00:00","c#","7716"
"2020-02-01 00:00:00","c++","4088"
"2020-02-01 00:00:00","delphi","156"
"2020-02-01 00:00:00","go","662"
"2020-02-01 00:00:00","java","10037"
"2020-02-01 00:00:00","javascript","15723"
"2020-02-01 00:00:00","perl","180"
"2020-02-01 00:00:00","php","5670"
"2020-02-01 00:00:00","python","20035"
"2020-02-01 00:00:00","r","4677"
"2020-02-01 00:00:00","ruby","653"
"2020-02-01 00:00:00","swift","2759"
"2020-03-01 00:00:00","assembly","294"
"2020-03-01 00:00:00","c","2486"
"2020-03-01 00:00:00","c#","7786"
"2020-03-01 00:00:00","c++","4640"
"2020-03-01 00:00:00","delphi","168"
"2020-03-01 00:00:00","go","653"
"2020-03-01 00:00:00","java","11051"
"2020-03-01 00:00:00","javascript","17561"
"2020-03-01 00:00:00","perl","198"
"2020-03-01 00:00:00","php","5652"
"2020-03-01 00:00:00","python","22676"
"2020-03-01 00:00:00","r","5121"
"2020-03-01 00:00:00","ruby","711"
"2020-03-01 00:00:00","swift","2907"
"2020-04-01 00:00:00","assembly","377"
"2020-04-01 00:00:00","c","3251"
"2020-04-01 00:00:00","c#","8578"
"2020-04-01 00:00:00","c++","6221"
"2020-04-01 00:00:00","delphi","232"
"2020-04-01 00:00:00","go","796"
"2020-04-01 00:00:00","java","12611"
"2020-04-01 00:00:00","javascript","20888"
"2020-04-01 00:00:00","perl","220"
"2020-04-01 00:00:00","php","6623"
"2020-04-01 00:00:00","python","27615"
"2020-04-01 00:00:00","r","6167"
"2020-04-01 00:00:00","ruby","768"
"2020-04-01 00:00:00","swift","3449"
"2020-05-01 00:00:00","assembly","358"
"2020-05-01 00:00:00","c","3373"
"2020-05-01 00:00:00","c#","8594"
"2020-05-01 00:00:00","c++","6412"
"2020-05-01 00:00:00","delphi","201"
"2020-05-01 00:00:00","go","751"
"2020-05-01 00:00:00","java","12012"
"2020-05-01 00:00:00","javascript","21471"
"2020-05-01 00:00:00","perl","214"
"2020-05-01 00:00:00","php","6518"
"2020-05-01 00:00:00","python","29443"
"2020-05-01 00:00:00","r","6012"
"2020-05-01 00:00:00","ruby","696"
"2020-05-01 00:00:00","swift","3519"
"2020-06-01 00:00:00","assembly","328"
"2020-06-01 00:00:00","c","2593"
"2020-06-01 00:00:00","c#","7892"
"2020-06-01 00:00:00","c++","5626"
"2020-06-01 00:00:00","delphi","202"
"2020-06-01 00:00:00","go","707"
"2020-06-01 00:00:00","java","10826"
"2020-06-01 00:00:00","javascript","19806"
"2020-06-01 00:00:00","perl","198"
"2020-06-01 00:00:00","php","5923"
"2020-06-01 00:00:00","python","27101"
"2020-06-01 00:00:00","r","5433"
"2020-06-01 00:00:00","ruby","613"
"2020-06-01 00:00:00","swift","3160"
"2020-07-01 00:00:00","assembly","275"
"2020-07-01 00:00:00","c","2098"
"2020-07-01 00:00:00","c#","7810"
"2020-07-01 00:00:00","c++","5162"
"2020-07-01 00:00:00","delphi","193"
"2020-07-01 00:00:00","go","643"
"2020-07-01 00:00:00","java","10438"
"2020-07-01 00:00:00","javascript","19877"
"2020-07-01 00:00:00","perl","176"
"2020-07-01 00:00:00","php","5930"
"2020-07-01 00:00:00","python","26264"
"2020-07-01 00:00:00","r","4939"
"2020-07-01 00:00:00","ruby","697"
"2020-07-01 00:00:00","swift","2987"
"2020-08-01 00:00:00","assembly","266"
"2020-08-01 00:00:00","c","1896"
"2020-08-01 00:00:00","c#","7068"
"2020-08-01 00:00:00","c++","4777"
"2020-08-01 00:00:00","delphi","182"
"2020-08-01 00:00:00","go","708"
"2020-08-01 00:00:00","java","9307"
"2020-08-01 00:00:00","javascript","18042"
"2020-08-01 00:00:00","perl","192"
"2020-08-01 00:00:00","php","4980"
"2020-08-01 00:00:00","python","23039"
"2020-08-01 00:00:00","r","4498"
"2020-08-01 00:00:00","ruby","553"
"2020-08-01 00:00:00","swift","2679"
"2020-09-01 00:00:00","assembly","294"
"2020-09-01 00:00:00","c","2161"
"2020-09-01 00:00:00","c#","6452"
"2020-09-01 00:00:00","c++","3921"
"2020-09-01 00:00:00","delphi","172"
"2020-09-01 00:00:00","go","728"
"2020-09-01 00:00:00","java","8941"
"2020-09-01 00:00:00","javascript","16766"
"2020-09-01 00:00:00","perl","166"
"2020-09-01 00:00:00","php","4774"
"2020-09-01 00:00:00","python","21743"
"2020-09-01 00:00:00","r","4756"
"2020-09-01 00:00:00","ruby","514"
"2020-09-01 00:00:00","swift","2562"
"2020-10-01 00:00:00","assembly","344"
"2020-10-01 00:00:00","c","2379"
"2020-10-01 00:00:00","c#","6198"
"2020-10-01 00:00:00","c++","4327"
"2020-10-01 00:00:00","delphi","180"
"2020-10-01 00:00:00","go","590"
"2020-10-01 00:00:00","java","8938"
"2020-10-01 00:00:00","javascript","16428"
"2020-10-01 00:00:00","perl","171"
"2020-10-01 00:00:00","php","4584"
"2020-10-01 00:00:00","python","22805"
"2020-10-01 00:00:00","r","5070"
"2020-10-01 00:00:00","ruby","493"
"2020-10-01 00:00:00","swift","2319"
"2020-11-01 00:00:00","assembly","375"
"2020-11-01 00:00:00","c","2699"
"2020-11-01 00:00:00","c#","5985"
"2020-11-01 00:00:00","c++","4320"
"2020-11-01 00:00:00","delphi","194"
"2020-11-01 00:00:00","go","529"
"2020-11-01 00:00:00","java","8488"
"2020-11-01 00:00:00","javascript","15525"
"2020-11-01 00:00:00","perl","150"
"2020-11-01 00:00:00","php","4623"
"2020-11-01 00:00:00","python","22199"
"2020-11-01 00:00:00","r","4804"
"2020-11-01 00:00:00","ruby","501"
"2020-11-01 00:00:00","swift","2163"
"2020-12-01 00:00:00","assembly","298"
"2020-12-01 00:00:00","c","2649"
"2020-12-01 00:00:00","c#","5743"
"2020-12-01 00:00:00","c++","4453"
"2020-12-01 00:00:00","delphi","190"
"2020-12-01 00:00:00","go","535"
"2020-12-01 00:00:00","java","7830"
"2020-12-01 00:00:00","javascript","16030"
"2020-12-01 00:00:00","perl","131"
"2020-12-01 00:00:00","php","4796"
"2020-12-01 00:00:00","python","22226"
"2020-12-01 00:00:00","r","4343"
"2020-12-01 00:00:00","ruby","501"
"2020-12-01 00:00:00","swift","2099"
"2021-01-01 00:00:00","assembly","309"
"2021-01-01 00:00:00","c","2569"
"2021-01-01 00:00:00","c#","6195"
"2021-01-01 00:00:00","c++","4108"
"2021-01-01 00:00:00","delphi","199"
"2021-01-01 00:00:00","go","567"
"2021-01-01 00:00:00","java","8038"
"2021-01-01 00:00:00","javascript","16882"
"2021-01-01 00:00:00","perl","145"
"2021-01-01 00:00:00","php","4751"
"2021-01-01 00:00:00","python","22888"
"2021-01-01 00:00:00","r","4340"
"2021-01-01 00:00:00","ruby","523"
"2021-01-01 00:00:00","swift","2320"
"2021-02-01 00:00:00","assembly","244"
"2021-02-01 00:00:00","c","2241"
"2021-02-01 00:00:00","c#","5806"
"2021-02-01 00:00:00","c++","4097"
"2021-02-01 00:00:00","delphi","187"
"2021-02-01 00:00:00","go","570"
"2021-02-01 00:00:00","java","7595"
"2021-02-01 00:00:00","javascript","15295"
"2021-02-01 00:00:00","perl","133"
"2021-02-01 00:00:00","php","4375"
"2021-02-01 00:00:00","python","21415"
"2021-02-01 00:00:00","r","4328"
"2021-02-01 00:00:00","ruby","530"
"2021-02-01 00:00:00","swift","2264"
"2021-03-01 00:00:00","assembly","320"
"2021-03-01 00:00:00","c","2487"
"2021-03-01 00:00:00","c#","6396"
"2021-03-01 00:00:00","c++","4307"
"2021-03-01 00:00:00","delphi","255"
"2021-03-01 00:00:00","go","760"
"2021-03-01 00:00:00","java","8672"
"2021-03-01 00:00:00","javascript","16774"
"2021-03-01 00:00:00","perl","152"
"2021-03-01 00:00:00","php","4752"
"2021-03-01 00:00:00","python","23926"
"2021-03-01 00:00:00","r","5179"
"2021-03-01 00:00:00","ruby","498"
"2021-03-01 00:00:00","swift","2387"
"2021-04-01 00:00:00","assembly","320"
"2021-04-01 00:00:00","c","2300"
"2021-04-01 00:00:00","c#","5911"
"2021-04-01 00:00:00","c++","3947"
"2021-04-01 00:00:00","delphi","171"
"2021-04-01 00:00:00","go","626"
"2021-04-01 00:00:00","java","7935"
"2021-04-01 00:00:00","javascript","15865"
"2021-04-01 00:00:00","perl","137"
"2021-04-01 00:00:00","php","4323"
"2021-04-01 00:00:00","python","22721"
"2021-04-01 00:00:00","r","4801"
"2021-04-01 00:00:00","ruby","518"
"2021-04-01 00:00:00","swift","2112"
"2021-05-01 00:00:00","assembly","300"
"2021-05-01 00:00:00","c","2092"
"2021-05-01 00:00:00","c#","5754"
"2021-05-01 00:00:00","c++","4194"
"2021-05-01 00:00:00","delphi","169"
"2021-05-01 00:00:00","go","643"
"2021-05-01 00:00:00","java","7970"
"2021-05-01 00:00:00","javascript","15830"
"2021-05-01 00:00:00","perl","120"
"2021-05-01 00:00:00","php","4253"
"2021-05-01 00:00:00","python","22471"
"2021-05-01 00:00:00","r","4669"
"2021-05-01 00:00:00","ruby","400"
"2021-05-01 00:00:00","swift","1867"
"2021-06-01 00:00:00","assembly","261"
"2021-06-01 00:00:00","c","1870"
"2021-06-01 00:00:00","c#","5634"
"2021-06-01 00:00:00","c++","3829"
"2021-06-01 00:00:00","delphi","126"
"2021-06-01 00:00:00","go","608"
"2021-06-01 00:00:00","java","7605"
"2021-06-01 00:00:00","javascript","15029"
"2021-06-01 00:00:00","perl","154"
"2021-06-01 00:00:00","php","4089"
"2021-06-01 00:00:00","python","20959"
"2021-06-01 00:00:00","r","4286"
"2021-06-01 00:00:00","ruby","421"
"2021-06-01 00:00:00","swift","1804"
"2021-07-01 00:00:00","assembly","182"
"2021-07-01 00:00:00","c","1628"
"2021-07-01 00:00:00","c#","5218"
"2021-07-01 00:00:00","c++","3518"
"2021-07-01 00:00:00","delphi","140"
"2021-07-01 00:00:00","go","604"
"2021-07-01 00:00:00","java","6968"
"2021-07-01 00:00:00","javascript","14779"
"2021-07-01 00:00:00","perl","139"
"2021-07-01 00:00:00","php","3891"
"2021-07-01 00:00:00","python","20630"
"2021-07-01 00:00:00","r","4049"
"2021-07-01 00:00:00","ruby","445"
"2021-07-01 00:00:00","swift","1976"
"2021-08-01 00:00:00","assembly","163"
"2021-08-01 00:00:00","c","1533"
"2021-08-01 00:00:00","c#","5124"
"2021-08-01 00:00:00","c++","3256"
"2021-08-01 00:00:00","delphi","136"
"2021-08-01 00:00:00","go","747"
"2021-08-01 00:00:00","java","6778"
"2021-08-01 00:00:00","javascript","14690"
"2021-08-01 00:00:00","perl","118"
"2021-08-01 00:00:00","php","3888"
"2021-08-01 00:00:00","python","19877"
"2021-08-01 00:00:00","r","4040"
"2021-08-01 00:00:00","ruby","447"
"2021-08-01 00:00:00","swift","1902"
"2021-09-01 00:00:00","assembly","193"
"2021-09-01 00:00:00","c","1706"
"2021-09-01 00:00:00","c#","5068"
"2021-09-01 00:00:00","c++","3608"
"2021-09-01 00:00:00","delphi","135"
"2021-09-01 00:00:00","go","622"
"2021-09-01 00:00:00","java","6624"
"2021-09-01 00:00:00","javascript","14455"
"2021-09-01 00:00:00","perl","113"
"2021-09-01 00:00:00","php","3690"
"2021-09-01 00:00:00","python","19058"
"2021-09-01 00:00:00","r","3904"
"2021-09-01 00:00:00","ruby","446"
"2021-09-01 00:00:00","swift","1626"
"2021-10-01 00:00:00","assembly","203"
"2021-10-01 00:00:00","c","2096"
"2021-10-01 00:00:00","c#","5296"
"2021-10-01 00:00:00","c++","3741"
"2021-10-01 00:00:00","delphi","143"
"2021-10-01 00:00:00","go","701"
"2021-10-01 00:00:00","java","6600"
"2021-10-01 00:00:00","javascript","13864"
"2021-10-01 00:00:00","perl","127"
"2021-10-01 00:00:00","php","3595"
"2021-10-01 00:00:00","python","19852"
"2021-10-01 00:00:00","r","4181"
"2021-10-01 00:00:00","ruby","416"
"2021-10-01 00:00:00","swift","1568"
"2021-11-01 00:00:00","assembly","288"
"2021-11-01 00:00:00","c","2213"
"2021-11-01 00:00:00","c#","5616"
"2021-11-01 00:00:00","c++","3836"
"2021-11-01 00:00:00","delphi","141"
"2021-11-01 00:00:00","go","655"
"2021-11-01 00:00:00","java","6934"
"2021-11-01 00:00:00","javascript","13540"
"2021-11-01 00:00:00","perl","78"
"2021-11-01 00:00:00","php","3515"
"2021-11-01 00:00:00","python","20132"
"2021-11-01 00:00:00","r","4036"
"2021-11-01 00:00:00","ruby","393"
"2021-11-01 00:00:00","swift","1538"
"2021-12-01 00:00:00","assembly","272"
"2021-12-01 00:00:00","c","2155"
"2021-12-01 00:00:00","c#","5294"
"2021-12-01 00:00:00","c++","3700"
"2021-12-01 00:00:00","delphi","150"
"2021-12-01 00:00:00","go","742"
"2021-12-01 00:00:00","java","6718"
"2021-12-01 00:00:00","javascript","14021"
"2021-12-01 00:00:00","perl","103"
"2021-12-01 00:00:00","php","3430"
"2021-12-01 00:00:00","python","20196"
"2021-12-01 00:00:00","r","3675"
"2021-12-01 00:00:00","ruby","394"
"2021-12-01 00:00:00","swift","1546"
"2022-01-01 00:00:00","assembly","240"
"2022-01-01 00:00:00","c","2051"
"2022-01-01 00:00:00","c#","5872"
"2022-01-01 00:00:00","c++","3857"
"2022-01-01 00:00:00","delphi","151"
"2022-01-01 00:00:00","go","784"
"2022-01-01 00:00:00","java","7632"
"2022-01-01 00:00:00","javascript","16139"
"2022-01-01 00:00:00","perl","129"
"2022-01-01 00:00:00","php","3951"
"2022-01-01 00:00:00","python","22477"
"2022-01-01 00:00:00","r","4233"
"2022-01-01 00:00:00","ruby","476"
"2022-01-01 00:00:00","swift","1973"
"2022-02-01 00:00:00","assembly","225"
"2022-02-01 00:00:00","c","1774"
"2022-02-01 00:00:00","c#","5793"
"2022-02-01 00:00:00","c++","3451"
"2022-02-01 00:00:00","delphi","188"
"2022-02-01 00:00:00","go","688"
"2022-02-01 00:00:00","java","7222"
"2022-02-01 00:00:00","javascript","15331"
"2022-02-01 00:00:00","perl","97"
"2022-02-01 00:00:00","php","3682"
"2022-02-01 00:00:00","python","22464"
"2022-02-01 00:00:00","r","4326"
"2022-02-01 00:00:00","ruby","455"
"2022-02-01 00:00:00","swift","1866"
"2022-03-01 00:00:00","assembly","251"
"2022-03-01 00:00:00","c","2087"
"2022-03-01 00:00:00","c#","6448"
"2022-03-01 00:00:00","c++","3817"
"2022-03-01 00:00:00","delphi","132"
"2022-03-01 00:00:00","go","824"
"2022-03-01 00:00:00","java","8040"
"2022-03-01 00:00:00","javascript","16227"
"2022-03-01 00:00:00","perl","103"
"2022-03-01 00:00:00","php","3731"
"2022-03-01 00:00:00","python","24441"
"2022-03-01 00:00:00","r","5075"
"2022-03-01 00:00:00","ruby","526"
"2022-03-01 00:00:00","swift","2062"
"2022-04-01 00:00:00","assembly","265"
"2022-04-01 00:00:00","c","1853"
"2022-04-01 00:00:00","c#","5897"
"2022-04-01 00:00:00","c++","3833"
"2022-04-01 00:00:00","delphi","122"
"2022-04-01 00:00:00","go","753"
"2022-04-01 00:00:00","java","7785"
"2022-04-01 00:00:00","javascript","15881"
"2022-04-01 00:00:00","perl","100"
"2022-04-01 00:00:00","php","3776"
"2022-04-01 00:00:00","python","23442"
"2022-04-01 00:00:00","r","4765"
"2022-04-01 00:00:00","ruby","491"
"2022-04-01 00:00:00","swift","1764"
"2022-05-01 00:00:00","assembly","285"
"2022-05-01 00:00:00","c","1907"
"2022-05-01 00:00:00","c#","6251"
"2022-05-01 00:00:00","c++","3862"
"2022-05-01 00:00:00","delphi","129"
"2022-05-01 00:00:00","go","671"
"2022-05-01 00:00:00","java","7812"
"2022-05-01 00:00:00","javascript","15979"
"2022-05-01 00:00:00","perl","94"
"2022-05-01 00:00:00","php","3986"
"2022-05-01 00:00:00","python","23028"
"2022-05-01 00:00:00","r","4820"
"2022-05-01 00:00:00","ruby","501"
"2022-05-01 00:00:00","swift","1740"
"2022-06-01 00:00:00","assembly","247"
"2022-06-01 00:00:00","c","1658"
"2022-06-01 00:00:00","c#","6060"
"2022-06-01 00:00:00","c++","3381"
"2022-06-01 00:00:00","delphi","125"
"2022-06-01 00:00:00","go","735"
"2022-06-01 00:00:00","java","7011"
"2022-06-01 00:00:00","javascript","15150"
"2022-06-01 00:00:00","perl","124"
"2022-06-01 00:00:00","php","3828"
"2022-06-01 00:00:00","python","22191"
"2022-06-01 00:00:00","r","4402"
"2022-06-01 00:00:00","ruby","479"
"2022-06-01 00:00:00","swift","1789"
"2022-07-01 00:00:00","assembly","209"
"2022-07-01 00:00:00","c","1492"
"2022-07-01 00:00:00","c#","5963"
"2022-07-01 00:00:00","c++","3263"
"2022-07-01 00:00:00","delphi","127"
"2022-07-01 00:00:00","go","744"
"2022-07-01 00:00:00","java","6614"
"2022-07-01 00:00:00","javascript","15175"
"2022-07-01 00:00:00","perl","130"
"2022-07-01 00:00:00","php","3775"
"2022-07-01 00:00:00","python","22468"
"2022-07-01 00:00:00","r","4192"
"2022-07-01 00:00:00","ruby","452"
"2022-07-01 00:00:00","swift","1753"
"2022-08-01 00:00:00","assembly","178"
"2022-08-01 00:00:00","c","1508"
"2022-08-01 00:00:00","c#","6343"
"2022-08-01 00:00:00","c++","3245"
"2022-08-01 00:00:00","delphi","133"
"2022-08-01 00:00:00","go","856"
"2022-08-01 00:00:00","java","6540"
"2022-08-01 00:00:00","javascript","15602"
"2022-08-01 00:00:00","perl","118"
"2022-08-01 00:00:00","php","3783"
"2022-08-01 00:00:00","python","21967"
"2022-08-01 00:00:00","r","4345"
"2022-08-01 00:00:00","ruby","476"
"2022-08-01 00:00:00","swift","1744"
"2022-09-01 00:00:00","assembly","191"
"2022-09-01 00:00:00","c","1657"
"2022-09-01 00:00:00","c#","5761"
"2022-09-01 00:00:00","c++","3095"
"2022-09-01 00:00:00","delphi","148"
"2022-09-01 00:00:00","go","844"
"2022-09-01 00:00:00","java","6301"
"2022-09-01 00:00:00","javascript","14375"
"2022-09-01 00:00:00","perl","82"
"2022-09-01 00:00:00","php","3408"
"2022-09-01 00:00:00","python","20305"
"2022-09-01 00:00:00","r","4026"
"2022-09-01 00:00:00","ruby","477"
"2022-09-01 00:00:00","swift","1813"
"2022-10-01 00:00:00","assembly","243"
"2022-10-01 00:00:00","c","2018"
"2022-10-01 00:00:00","c#","5833"
"2022-10-01 00:00:00","c++","3231"
"2022-10-01 00:00:00","delphi","153"
"2022-10-01 00:00:00","go","742"
"2022-10-01 00:00:00","java","6542"
"2022-10-01 00:00:00","javascript","14173"
"2022-10-01 00:00:00","perl","82"
"2022-10-01 00:00:00","php","3398"
"2022-10-01 00:00:00","python","22211"
"2022-10-01 00:00:00","r","4537"
"2022-10-01 00:00:00","ruby","437"
"2022-10-01 00:00:00","swift","1645"
"2022-11-01 00:00:00","assembly","308"
"2022-11-01 00:00:00","c","2326"
"2022-11-01 00:00:00","c#","6403"
"2022-11-01 00:00:00","c++","3546"
"2022-11-01 00:00:00","delphi","119"
"2022-11-01 00:00:00","go","804"
"2022-11-01 00:00:00","java","7294"
"2022-11-01 00:00:00","javascript","15197"
"2022-11-01 00:00:00","perl","117"
"2022-11-01 00:00:00","php","3757"
"2022-11-01 00:00:00","python","24236"
"2022-11-01 00:00:00","r","4748"
"2022-11-01 00:00:00","ruby","470"
"2022-11-01 00:00:00","swift","1784"